,Ｎo．,番号,タイトル,相手先会社名,相手先所属,相手先担当者,送信元会社名,送信元担当者,送信元電話,送信元FAX,合計枚数,検討,電話待,FAX待,予備,予備メモ,メモ,年号,年,月,日,相手先ＦＡＸ番号,ＭＩＣ,役職,作業者名１,作業者名２,作業者名３,作業者名４,作業者名５,作業者名６,作業者名７,作業者名８,作業者名９,作業者名１０,作業者名１１,作業者名１２,作業者名１３,作業車１,作業車２,作業車３,住所１,住所２,郵便番号
0,2632,,ANAラウンジ,東和ライティング（株）,,伊藤,,茂木,,,2,,,,,,いつもお世話になっております。,平成,25,8,5,03-3422-3389,,課長,,,,,,,,,,,,,,,,,東京都世田谷区代田１－３０－１４,,155-0033
1,2633,,,ソウブ電商（株）,,三島,,木村,,,2,,,,,,毎度お世話になっております。,平成,25,8,6,0489-56-3803,,,,,,,,,,,,,,,,,,,埼玉県三郷市戸ケ崎２－７８４,,341-0044
2,2634,,安全書類,（株）関電工,,細野,,木村,,,1,,,,,,毎度お世話になっております。,平成,25,8,8,03-3201-2450,,,,,,,,,,,,,,,,,,,埼玉県三郷市戸ケ崎２－７８４,,341-0044
3,2635,,汐留ビルディングH25年度積算更新工事,（株）きんでん,,橋本,,木村,,,1,,,,,,毎度お世話になっております。,平成,25,8,27,03-6666-0529,,,,,,,,,,,,,,,,,,,埼玉県三郷市戸ケ崎２－７８４,,341-0044
4,2636,,ＵＳＳ東京フル２線制御システム落雷対策工事,パナソニック（株）ＥＳ社,千葉中央電材営業所,,,手塚,,,2,,,,,,表題の件の再御見積書を作成いたしましたので、送付させていただきます。,平成,25,9,17,043-297-6101,,川上,,,,,,,,,,,,,,,,,,,
5,2637,,上野トーセイビル,東光電気工事（株）,,野口,,花田,,,1,,,,,,明日、伺う作業員が手塚となります。,平成,25,8,29,,,,,,,,,,,,,,,,,,,,,,
6,2639,,8月末〆合計明細書,パナソニック㈱エコソリューションズ社,東部経理ｾﾝﾀｰ　電材ｸﾞﾙｰﾌﾟ,小川,,髙尾,,,3,,,,,,いつもお世話になります。,平成,25,8,30,03-6218-1141,,,,,,,,,,,,,,,,,,,東京都港区東新橋１丁目５番１号,,105-8301
7,2640,,8月末〆合計明細書,パナソニックエコソリューションズ電路㈱,事業管理部　経理課,小塚,,茂木,,,2,,,,,,いつもお世話になります。,平成,25,8,30,0561-54-1216,,,,,,,,,,,,,,,,,,,愛知県尾張旭市三郷町角田1123,,488-0012
8,2641,,汐留ビルの作業員名簿,パナソニックエコソリューションズ電路㈱,品質保証グループ　盤CSチーム,山内,,髙尾,,,2,,,,,,お世話になります。,平成,25,9,18,0561-54-3658,,職長,,,,,,,,,,,,,,,,,愛知県尾張旭市三郷町角田1123番地,,488-0012
9,2642,,【訂正】汐留ビルの作業員名簿,パナソニックエコソリューションズ電路㈱,品質保証グループ　盤CSチーム,山内,,髙尾,,,2,,,,,,お世話になります。,平成,25,9,19,0561-54-3658,,職長,,,,,,,,,,,,,,,,,愛知県尾張旭市三郷町角田1123番地,,488-0012
10,2643,,教弘会館,ミツワ電機株式会社,電設第二統括部　営業第六部,,,手塚,,,2,,,,,,表題の件名の御見積書（休日作業分）を作成させて頂きましたので、送付させていただきます。,平成,25,9,19,03-3862-1195,,藤城,,,,,,,,,,,,,,,,,,,
11,2644,,ＴＥＭＳ千葉　照明制御,日本電設工業株式会社,,,,花田,,,1,,,,,,来週の照明制御の打ち合わせですが日時等が決まりましたら、携帯に連絡頂けないでしょうか。,平成,25,9,19,043-247-7216,,なんさい,,,,,,,,,,,,,,,,,,,
12,2645,,ＪＣ鳥浜テストプロトセンター変更工事,関西機械販売（株）,東京支店,,,手塚,,,2,,,,,,先日お電話でお話させて頂いた御見積書になります。,平成,25,9,29,03-3445-1366,,勝亦,,,,,,,,,,,,,,,,,,,
13,2646,,(仮称)ららぽーとTOKYO-BAY西館建替計画新築工事の件,新和照明株式会社,千葉営業所,福田,,勅使河原,,,1,,,,,,お世話になります。,平成,25,9,30,043-248-7780,,,,,,,,,,,,,,,,,,,,,
14,2647,,9月末〆合計明細書,パナソニックエコソリューションズ電路㈱,事業管理部　経理課,小塚,,茂木,,,2,,,,,,いつもお世話になります。,平成,25,9,30,0561-54-1216,,,,,,,,,,,,,,,,,,,愛知県尾張旭市三郷町角田1123,,488-0012
15,2648,,9月末〆合計明細書,パナソニック㈱エコソリューションズ社,東部経理ｾﾝﾀｰ　電材ｸﾞﾙｰﾌﾟ,小川,,茂木,,,5,,,,,,いつもお世話になります。,平成,25,9,30,03-6218-1141,,,,,,,,,,,,,,,,,,,東京都港区東新橋１丁目５番１号,,105-8301
16,2651,,銚子労働総合庁舎(１３)電気設備工事,パナソニック（株）エコソリューションズ社,千葉電材営業所,川上,,菊地,,,2,,,,,,いつもお世話になっております。,平成,25,10,2,043-297-6101,,,,,,,,,,,,,,,,,,,,,
17,2652,,（仮称）松濤・Ｆ邸　新築工事,パナソニック（株）エコソリューションズ社,首都圏電材営業所,上田,,菊地,,,2,,,,,,いつもお世話になっております。,平成,25,10,21,03-6218-1411,,,,,,,,,,,,,,,,,,,,,
18,2653,,見積依頼,あじさい観光,,吉岡,,茂木,,,1,,,,,,お世話になっております。,平成,25,10,23,047-343-7631,,,,,,,,,,,,,,,,,,,千葉県松戸市大金平2-57-4,,270-0006
19,2654,,（仮称）松濤・Ｆ邸　新築工事　見積もり変更,パナソニック（株）エコソリューションズ社,首都圏電材営業所,上田,,菊地,,,2,,,,,,いつもお世話になっております。,平成,25,10,25,03-6218-1411,,,,,,,,,,,,,,,,,,,,,
20,2656,,インディージョーンズ　アドベンチャー,パナソニックエコソリューションズ電路㈱,電設盤特機受注センター,柴田,,石塚,,,1,,,,,,いつもお世話になっております。,平成,28,8,9,0561-54-7620,,,,,,,,,,,,,,,,,,,愛知県尾張旭市三郷町角田１１２３,,488-0012
21,2658,,10月末〆合計明細書,パナソニック㈱エコソリューションズ社,東部経理ｾﾝﾀｰ　電材ｸﾞﾙｰﾌﾟ,小川,,髙尾,,,3,,,,,,いつもお世話になります。,平成,25,10,31,03-6218-1141,,,,,,,,,,,,,,,,,,,東京都港区東新橋１丁目５番１号,,105-8301
22,2659,,10月末〆合計明細書,パナソニックエコソリューションズ電路㈱,事業管理部　経理課,小塚,,髙尾,,,2,,,,,,いつもお世話になります。,平成,25,10,31,0561-54-1216,,,,,,,,,,,,,,,,,,,愛知県尾張旭市三郷町角田1123,,488-0012
23,2660,,10月度　合計請求明細書　差替え依頼,ミツワ電機 株式会社,特機営業部　会計ｸﾞﾙｰﾌﾟ,中山,,茂木,,,2,,,,,,お世話になっております。,平成,25,11,1,03-3862-1186,,,,,,,,,,,,,,,,,,,東京都中央区東日本橋2-26-3　本館3F,,103-0004
24,2661,,首都高速　汐留乗継所　修正図書類,首都高ＥＴＣメンテナンス㈱,,加地,,木村,,,5,,,,,,毎度お世話になっております。,平成,25,11,11,03-3503-8844,,,,,,,,,,,,,,,,,,,埼玉県三郷市戸ケ崎２－７８４,,341-0044
25,2662,,件名　東京国際空港　エプロン　表示灯品番について,ｽｽﾞﾃﾞﾝ　FA　UBON　,,ご担当,,木村,,,6,,,,,,毎度お世話になっております。,平成,25,11,22,047-365-1910,,,,,,,,,,,,,,,,,,,,,
26,2664,,　部材御見積,小島電機工業株式会社,第3販売部　松戸営業所,石黒,,木村,,,2,■,,■,,,いつもお世話になりありがとうございます。,平成,25,11,28,047-345-2576,,,,,,,,,,,,,,,,,,,千葉県松戸市馬橋字岩崎1435-7,,271-0051
27,2665,,　部材御見積,トシン電機㈱,松戸営業所,渡邊,,木村,,,2,■,,■,,,いつもお世話になりありがとうございます。,平成,25,11,28,047-391-5081,,所長,,,,,,,,,,,,,,,,,,,
28,2666,,　部材御見積,田中商事㈱,松戸営業所,粒来,,木村,,,2,■,,■,,,いつもお世話になりありがとうございます。,平成,25,11,28,047-309-0710,,所長,,,,,,,,,,,,,,,,,,,
29,2667,,　部材御見積,田中商事㈱,松戸営業所,粒来,,木村,,,2,■,,■,,,いつもお世話になりありがとうございます。,平成,25,11,29,047-309-0710,,所長,,,,,,,,,,,,,,,,,,,
30,2669,,,ソウブ電商（株）,,三島,,木村,,,2,,,,,,毎度お世話になっております。,平成,25,11,29,0489-56-3803,,,,,,,,,,,,,,,,,,,埼玉県三郷市戸ケ崎２－７８４,,341-0044
31,2670,,,梅崎機械彫刻所,,梅崎,,木村,,,3,,,,,,毎度お世話になっております。,平成,25,12,2,047-387-8575,,社長,,,,,,,,,,,,,,,,,千葉県松戸市高柳新田１１１－４,,270-2201
32,2671,,,ソウブ電商（株）,,三島,,壁谷,,,3,,,,,,お世話になっております。,平成,25,12,10,0489-56-3803,,,,,,,,,,,,,,,,,,,埼玉県三郷市戸ケ崎２－７８４,,341-0044
33,2672,,吹上の資料修正　メールアドレス,中央デンキ,,高橋,,髙尾,,,1,,,,,,お世話になっております。,平成,25,12,19,,,,,,,,,,,,,,,,,,,,,,
34,2674,,12月末〆合計明細書,パナソニック㈱エコソリューションズ社,東部経理ｾﾝﾀｰ　電材ｸﾞﾙｰﾌﾟ,小川,,髙尾,,,3,,,,,,いつもお世話になります。,平成,25,12,27,03-6218-1141,,,,,,,,,,,,,,,,,,,東京都港区東新橋１丁目５番１号,,105-8301
35,2675,,12月末〆合計明細書,パナソニックエコソリューションズ電路㈱,事業管理部　経理課,小塚,,髙尾,,,2,,,,,,いつもお世話になります。,平成,25,12,27,0561-54-1216,,,,,,,,,,,,,,,,,,,愛知県尾張旭市三郷町角田1123,,488-0012
36,2676,,年末のご挨拶,パナソニックエコソリューションズ電路㈱,盤生産管理部　生産管理課,松原（福）,,木村,,,1,,,,,,毎度お世話になってます。,平成,25,12,27,0561-51-3664,,,,,,,,,,,,,,,,,,,愛知県尾張旭市三郷町角田１１２３番地,,488-8520
37,2677,,年末のご挨拶,パナソニックエコソリューションズ電路㈱,盤生産管理部　生産管理課,松原（武）,,木村,,,1,,,,,,毎度お世話になってます。,平成,25,12,27,0561-51-3664,,,,,,,,,,,,,,,,,,,愛知県尾張旭市三郷町角田１１２３番地,,488-8520
38,2678,,ブランクパネル制作依頼,ソウブ電商（株）,,,,手塚,,,2,,,,,,お世話になっております。,平成,26,1,20,0489-56-3803,,三島,,,,,,,,,,,,,,,,,,,
39,2679,,ＵＳＳ群馬集中ＳＷ不具合調査,富永電機株式会社　,,平田,,花田,,,2,,,,,,ＵＳＳ群馬集中ＳＷ不具合調査の見積書をお送りします。,平成,26,1,21,052-883-8254,,,,,,,,,,,,,,,,,,,,,
40,2680,,昌立電機様 照明制御ご依頼,福西電機（株）,,,,手塚,,,1,,,,,,ご連絡先になります。,平成,26,1,23,03-6836-2927,,岩山係長,,,,,,,,,,,,,,,,,,,
41,2681,,,㈱きんでん,,永瀬,,髙尾,,,1,,,,,,お世話になります。,平成,26,1,30,048-227-5327,,,,,,,,,,,,,,,,,,,,,
42,2682,,12月末〆合計明細書,パナソニックエコソリューションズ電路㈱,事業管理部　経理課,小塚,,茂木,,,2,,,,,,いつもお世話になります。,平成,26,1,31,0561-54-1216,,,,,,,,,,,,,,,,,,,愛知県尾張旭市三郷町角田1123,,488-0012
43,2683,,2月末〆合計明細書,パナソニック㈱エコソリューションズ社,東部経理ｾﾝﾀｰ　電材ｸﾞﾙｰﾌﾟ,小川,,茂木,,,5,,,,,,いつもお世話になります。,平成,26,2,28,03-6218-1141,,,,,,,,,,,,,,,,,,,東京都港区東新橋１丁目５番１号,,105-8301
44,2686,,依頼書,赤帽　島貫運送,,ご担当者,,髙尾,,,2,,,■,,,お世話になっております。,平成,26,2,4,03-3608-4339,,,,,,,,,,,,,,,,,,,,,
45,2687,,㈲零電社　会社概要,富永電機株式会社,,加藤,,茂木,,,4,,,,,,お世話になっております。,平成,26,2,5,052-883-8254,,,,,,,,,,,,,,,,,,,,,
46,2688,,ブランクパネル制作依頼,ソウブ電商（株）,,,,勅使河原,,,2,,,,,,お世話になっております。,平成,26,2,24,0489-56-3803,,三島,,,,,,,,,,,,,,,,,,,
47,2691,,東京ステーションギャラリー照明制御保守点検,パナソニックESエンジニアリング(株),ｶｽﾀﾏｰｻｰﾋﾞｽ統括部　ﾒﾝﾃﾅﾝｽ部　ｻｰﾋﾞｽ第２課,マツチカ,,茂木,,,2,,,,,,お世話になっております。,平成,26,3,3,03-4334-7916,,,,,,,,,,,,,,,,,,,東京都江東区青海１丁目１番２０号,ダイバシティ東京オフィスタワ－１３Ｆ,135-0064
48,2692,,扉金具是正,パナソニックエコソリューションズ電路㈱,品質保証部　電設盤ＣＳ課,大野　守一,,木村,,,1,,,,,,毎度お世話になってます。,平成,26,3,5,0561-54-3658,,,,,,,,,,,,,,,,,,,愛知県尾張旭市三郷町角田１１２３番地,,488-8520
49,2693,,名称板製作,梅崎機械彫刻所,,梅崎,,木村,,,2,,,,,,毎度お世話になっております。,平成,26,3,11,047-387-8575,,社長,,,,,,,,,,,,,,,,,千葉県松戸市高柳新田１１１－４,,270-2201
50,2694,,旭神経内科,ミツワ電機　株式会社,電設第二統括部 営業六部 千葉ｸﾞﾙｰﾌﾟ,,,手塚,,,,,,,,,先日お電話でお話させて頂いた御見積書になります。遅くなってしまい申し訳ありませんが、御確認宜しくお願い致します。,平成,26,3,16,043-244-4383,,竹田,,,,,,,,,,,,,,,,,,,
51,2695,,ミカド田無店タイマー変更工事 御見積書,パナソニック株式会社エコソリューションズ社,首都圏電材営業所,,,手塚,,,2,,,,,,先ほどお電話でお話させていただいた、御見積書を送付させていただきます。,平成,26,3,19,03-6218-1411,,長崎,,,,,,,,,,,,,,,,,,,
52,2696,,町田製菓専門学校増築工事 照明制御プログラムデータ,電研工業（株）　,工事部,藤原,,花田,,,29,,,,,,,平成,26,3,22,03-3910-6149,,課長,,,,,,,,,,,,,,,,,,,
53,2697,,盤改造お見積りの件,パナソニック電材(株),,西平,,木村,,,1,,,,,,毎度お世話になってます。,平成,26,3,28,03-3621-1230,,,,,,,,,,,,,,,,,,,東京都墨田区太平１－２６－２,,130-0012
54,2700,,3月末〆合計明細書,パナソニック㈱エコソリューションズ社,東部経理ｾﾝﾀｰ　電材ｸﾞﾙｰﾌﾟ,小川,,髙尾,,,6,,,,,,いつもお世話になります。,平成,26,3,31,03-6218-1141,,,,,,,,,,,,,,,,,,,東京都港区東新橋１丁目５番１号,,105-8301
55,2701,,3月末〆合計明細書,パナソニックエコソリューションズ電路㈱,事業管理部　経理課,小塚,,髙尾,,,2,,,,,,いつもお世話になります。,平成,26,3,31,0561-54-1216,,,,,,,,,,,,,,,,,,,愛知県尾張旭市三郷町角田1123,,488-0012
56,2703,,群馬銀行　八王子,（株）岩崎電機工事,,イワヤ,,花田,,,1,,,,,,メールアドレスをお送りします。,平成,26,4,3,03-3618-2569,,,,,,,,,,,,,,,,,,,,,
57,2704,, 制御機器カタログの件,パナソニック(株)制御機器コールセンター,,高鐘,,木村,,,1,,,,,,毎度お世話になってます。,平成,26,4,8,0120-027-278,,,,,,,,,,,,,,,,,,,東京都墨田区太平１－２６－２,,130-0012
58,2706,,ホンダ青山　GW調整工事,東和ライティング（株）,営業部,小林,,花田,,,1,,,,,,東光電気工事　佐藤様より連絡があって今回の工事は保留になりました。,平成,26,4,30,03-3422-3389,,,,,,,,,,,,,,,,,,,東京都世田谷区代田１－３０－１４,,155-0033
59,2707,,日本橋フロントビル,パナソニック株式会社エコソリューションズ社,首都圏電材営業所,,,花田,,,1,,,,,,FAXを確認させて頂きました。,平成,26,4,30,03-6218-1411,,清水,,,,,,,,,,,,,,,,,,,
60,2708,,4月末〆合計明細書,パナソニックエコソリューションズ電路㈱,事業管理部　経理課,小塚,,髙尾,,,2,,,,,,いつもお世話になります。,平成,26,4,30,0561-54-1216,,,,,,,,,,,,,,,,,,,愛知県尾張旭市三郷町角田1123,,488-0012
61,2710,,4月末〆合計明細書,パナソニック㈱エコソリューションズ社,東部経理ｾﾝﾀｰ　電材ｸﾞﾙｰﾌﾟ,小川,,髙尾,,,2,,,,,,いつもお世話になります。,平成,26,4,30,03-6218-1141,,,,,,,,,,,,,,,,,,,東京都港区東新橋１丁目５番１号,,105-8301
62,2713,,パシフィックマークス新浦安5F,（株）昭電エンジニアリング,,藤田,,茂木,,,3,,,,,,いつもお世話になっております。,平成,26,5,19,0489-88-6175,,社長,,,,,,,,,,,,,,,,,埼玉県越谷市南越谷1-2933-3,,343-0845
63,2714,,明治大学付属中野中学・高等学校建替計画,パナソニック㈱エコソリューションズ社,首都圏特機営業部,山下,,勅使河原,,,1,,,,,,いつもお世話になります。,平成,25,11,29,,,,,,,,,,,,,,,,,,,,東京都港区東新橋１丁目５番１号,,105-8301
64,2715,,ヒューリック上野ビル,（株）タカノスマイル,第二営業所,,,手塚,,,2,,,,,,表題の件の御見積書を作成致しましたので、御確認よろしくお願い致します。,平成,26,5,27,03-3673-1171,,伊藤,,,,,,,,,,,,,,,,,,,
65,2716,,5月末〆合計明細書,パナソニック㈱エコソリューションズ社,東部経理ｾﾝﾀｰ　電材ｸﾞﾙｰﾌﾟ,小川,,茂木,,,3,,,,,,いつもお世話になります。,平成,26,5,30,03-6218-1141,,,,,,,,,,,,,,,,,,,東京都港区東新橋１丁目５番１号,,105-8301
66,2718,,NEC　在室表示資料（３Ｆ）（一期）（二期）,東光電気工事株式会社,,荻野,,壁谷,,,23,,,,,,NEC　在室表示資料（３Ｆ）（一期）（二期）資料をお送りします。,平成,26,6,3,044-411-6229,,,,,,,,,,,,,,,,,,,,,
67,2719,,ＮＴＴデータ葛西テクノビル　照明制御,日本メックス（株）,,,,花田,,,2,,,,,,作業員名簿をお送りします。,平成,26,6,19,023-6808-226,,高辻,,,,,,,,,,,,,,,,,,,
68,2720,,ご請求書,(株)正光社,葛飾営業所,高橋,,茂木,,,3,,,,,,お世話になっております。,平成,26,6,19,03-3658-1477,,,,,,,,,,,,,,,,,,,東京都葛飾区細田4-30-15,,124-0021
69,2721,,ダイハツ　アトレー　引き取り時期について,日産プリンス千葉販売株式会社,松戸店,原田店長,,木村,,,1,,,,,,毎度お世話になってます。,平成,26,6,20,047-363-3237,,,,,,,,,,,,,,,,,,,,,
70,2723,,6月末〆合計明細書,パナソニックエコソリューションズ電路㈱,事業管理部　経理課,小塚,,茂木,,,2,,,,,,いつもお世話になります。,平成,26,6,30,0561-54-1216,,,,,,,,,,,,,,,,,,,愛知県尾張旭市三郷町角田1123,,488-0012
71,2724,,日比谷ダイビルリニューアル工事　ご請求書,東和ライティング（株）,,鈴木,,茂木,,,2,,,,,,いつもお世話になっております。,平成,26,7,2,03-3422-3389,,,,,,,,,,,,,,,,,,,東京都世田谷区代田１－３０－１４,,155-0033
72,2725,,千葉銀行成田支店　MC-DT順次切り替え,株式会社　昭電,金融営業部,花井　聡,,木村,,,6,,,,,,毎度お世話になってます。,平成,26,7,15,03-5819-8369,,,,,,,,,,,,,,,,,,,,,
73,2726,,NEC相模原,,,小野,,茂木,,,1,,,,,,お世話になっております。,平成,26,7,23,042-771-5352,,,,,,,,,,,,,,,,,,,,,
74,2727,,（仮称）松戸市立関台小学校新築電気設備工事,ミツワ電機株式会社,特機営業部 特機第二営業所 営業六課,,,手塚,,,2,,,,,,表題の件の御見積書を作成しましのたので、お確認よろしくお願いします。,平成,26,7,24,043-244-4383,,杉山,,,,,,,,,,,,,,,,,,,
75,2728,,社会保険加入促進計画に基づく標準見積書の活用について,東和ライティング㈱,,小南,,茂木,,,2,,,,,,お世話になっております。,平成,26,7,24,03-3422-3359,,,,,,,,,,,,,,,,,,,,,
76,2729,,7月末〆合計明細書,パナソニックエコソリューションズ電路㈱,事業管理部　経理課,小塚,,茂木,,,2,,,,,,いつもお世話になります。,平成,26,7,31,0561-54-1216,,,,,,,,,,,,,,,,,,,愛知県尾張旭市三郷町角田1123,,488-0012
77,2731,,7月末〆合計明細書,パナソニック㈱エコソリューションズ社,東部経理ｾﾝﾀｰ　電材ｸﾞﾙｰﾌﾟ,小川,,茂木,,,3,,,,,,いつもお世話になります。,平成,26,7,31,03-6218-1141,,,,,,,,,,,,,,,,,,,東京都港区東新橋１丁目５番１号,,105-8301
78,2732,,大東京火災日本橋ビル,（株）タカノスマイル,第二営業所,,,壁谷,,,3,,,,,,表題の件の御見積書を作成致しました。,平成,26,8,6,03-3673-1171,,伊藤,,,,,,,,,,,,,,,,,,,
79,2733,,8月度災防協力アンケート,パナソニックESエンジニアリング（株）,建設業安全管理課,,,手塚,,,2,■,,,,,先日行われた、災防協のアンケートを記入させて頂きました。,平成,26,8,21,03-5564-7077,,御担当者,,,,,,,,,,,,,,,,,,,
80,2734,,晴海トリトンＹ棟インバーター不具合　作業員名簿,住友電設㈱,,伊藤,,髙尾,,,2,,,,,,いつもお世話になっております。,平成,26,8,26,03-5560-2375,,,,,,,,,,,,,,,,,,,,,
81,2735,,8月末〆合計明細書,パナソニック㈱エコソリューションズ社,東部経理ｾﾝﾀｰ　電材ｸﾞﾙｰﾌﾟ,小川,,茂木,,,2,,,,,,いつもお世話になります。,平成,26,8,29,03-6218-1141,,,,,,,,,,,,,,,,,,,東京都港区東新橋１丁目５番１号,,105-8301
82,2737,,アトレ三鷹の安全書類,日本電設工業㈱,,竹下,,髙尾,,,8,,,,,,お世話になります,平成,26,9,5,0422-21-9550,,,,,,,,,,,,,,,,,,,,,
83,2739,,港区いきいきプラザ　　照明制御,（株）東京三信電機,,鈴木,,花田,,,1,,,,,,*******************************************,平成,26,9,9,03-6427-3328,,,,,,,,,,,,,,,,,,,,,
84,2740,,港区いきいきプラザ　　照明制御,（株）東京三信電機,,鈴木,,花田,,,1,,,,,,*******************************************,平成,26,9,14,03-6427-3328,,,,,,,,,,,,,,,,,,,,,
85,2741,,9月度　合計請求明細書,杉本電機産業(株),横浜営業所,経理ご担当者,,茂木,,,2,,,,,,お世話になっております。,平成,26,9,22,045-323-2505,,,,,,,,,,,,,,,,,,,神奈川県横浜市神奈川区松本町5-39-1,,221-0841
86,2742,,9月度　合計請求明細書,日新電気照明株式会社,,経理ご担当者,,茂木,,,2,,,,,,お世話になっております。,平成,26,9,22,03-3912-6224,,,,,,,,,,,,,,,,,,,東京都北区豊島1-31-4,,114-0003
87,2743,,作業着手配表,アイダ,,,,石塚,,,3,■,,■,,,作業着の手配をお願いします。（見積書・納期　後日ください）,平成,26,9,26,,,,,,,,,,,,,,,,,,,,,,
88,2745,,9月末〆合計明細書,パナソニック㈱エコソリューションズ社,東部経理ｾﾝﾀｰ　電材ｸﾞﾙｰﾌﾟ,小川,,髙尾,,,5,,,,,,いつもお世話になります。,平成,26,9,30,03-6218-1141,,,,,,,,,,,,,,,,,,,東京都港区東新橋１丁目５番１号,,105-8301
89,2746,,9月末〆合計明細書,パナソニックエコソリューションズ電路㈱,事業管理部　経理課,小塚,,髙尾,,,2,,,,,,いつもお世話になります。,平成,26,9,30,0561-54-1216,,,,,,,,,,,,,,,,,,,愛知県尾張旭市三郷町角田1123,,488-0012
90,2748,,千葉市立青葉病院救急棟増築外電気設備工事,ミツワ電機株式会社,特機営業部 特機第二営業所 営業六課,,,花田,,,1,,,,,,表題の件の御見積書依頼ですがパナソニックESエンジニアリング様に依頼して頂けないでしょうか。,平成,26,10,17,043-244-4383,,杉山,,,,,,,,,,,,,,,,,,,
91,2749,,10月末〆合計明細書,パナソニック㈱エコソリューションズ社,東部経理ｾﾝﾀｰ　電材ｸﾞﾙｰﾌﾟ,小川,,髙尾,,,2,,,,,,いつもお世話になります。,平成,26,10,31,03-6218-1141,,,,,,,,,,,,,,,,,,,東京都港区東新橋１丁目５番１号,,105-8301
92,2751,,ＭＧ白金台ビル６Ｆ・７Ｆテナント工事,戸部電材株式会社　,千葉営業所,小泉,,勅使河原,,,2,,,,,,毎度お世話になります。(有)零電社　勅使河原と申します。,平成,26,11,7,,,,,,,,,,,,,,,,,,,,,,
93,2752,,制作依頼,ソウブ電商（株）,,三島,,花田,,,1,,,,,,お世話になっております。,平成,26,11,12,0489-56-3803,,,,,,,,,,,,,,,,,,,埼玉県三郷市戸ケ崎２－７８４,,341-0044
94,2753,,GPタワー23F(株)エフエスユニマネジメント移転工事の件,㈱関電工　,,笠松,,勅使河原,,,,,,,,,,平成,26,11,26,,,,,,,,,,,,,,,,,,,,,,
95,2755,,11月末〆合計明細書,パナソニック㈱エコソリューションズ社,東部経理ｾﾝﾀｰ　電材ｸﾞﾙｰﾌﾟ,小川,,茂木,,,4,,,,,,いつもお世話になります。,平成,26,11,28,03-6218-1141,,,,,,,,,,,,,,,,,,,東京都港区東新橋１丁目５番１号,,105-8301
96,2757,,制作依頼,ソウブ電商（株）,,三島,,花田,,,2,,,,,,お世話になっております。,平成,26,12,10,0489-56-3803,,,,,,,,,,,,,,,,,,,埼玉県三郷市戸ケ崎２－７８４,,341-0044
97,2758,,ららぽーと富士見,㈱ユアテック,,櫻井,,髙尾,,,1,,,,,,お世話になっております。,平成,26,12,19,049-265-8666,,,,,,,,,,,,,,,,,,,,,
98,2759,,【再】ららぽーと富士見,㈱ユアテック,,櫻井,,髙尾,,,4,,,,,,お世話になっております。,平成,26,12,22,049-265-8666,,,,,,,,,,,,,,,,,,,,,
99,2761,,,,,,,木村,,,2,,,,,,,平成,27,1,,,,,,,,,,,,,,,,,,,,,,,
100,2762,,制作依頼,ソウブ電商（株）,,三島,,手塚,,,2,,,,,,お世話になっております。,平成,27,3,17,0489-56-3803,,,,,,,,,,,,,,,,,,,埼玉県三郷市戸ケ崎２－７８４,,341-0044
101,2763,,制作依頼,㈱花田電気製作所,,,,山下,,,2,,,,,,お世話になっております。,平成,27,1,14,,,,,,,,,,,,,,,,,,,,埼玉県三郷市戸ケ崎２－７８４,,341-0044
102,2764,,ＴＯＫＹＵＲＥＩＴ新宿ビル,パナソニック（株）エコソリューションズ社,首都圏電材営業所,上田,,茂木,,,2,,,,,,お世話になっております。,平成,27,1,15,03-6218-1411,,,,,,,,,,,,,,,,,,,東京都港区東新橋１丁目５番１号,,105-8301
103,2765,,神田千歳Ｃ５０のお見積りの件,パナソニック（株）エコソリューションズ社,東京電設営業所　電設盤営業課,廣口,,,,,2,■,,,,,神田千歳Ｃ５０のお見積りをお送りいたします。,平成,27,1,15,03-6218-1561,,,,,,,,,,,,,,,,,,,東京都港区東新橋１丁目５番１号,,105-8301
104,2766,,【至急】シャチハタ注文,東洋堂,,,,茂木,,,1,,,,,,お世話になっております。,平成,27,1,16,047-368-3957,,,,,,,,,,,,,,,,,,,,,
105,2767,,西新橋スクエアの御見積り,パナソニック㈱エコソリューションズ社,首都圏特機営業部,護持,,木村,,,4,,,,,,いつもお世話になっております。,平成,27,1,27,03-6218-1561,,,,,,,,,,,,,,,,,,,東京都港区東新橋１丁目５番１号,,105-8301
106,2768,,ＮＥＣ玉川　照明制御,東光電気工事（株）,,荻野,,壁谷,,,15,,,,,,お世話になっております。零電社　壁谷です。,平成,27,1,29,044-411-6229,,,,,,,,,,,,,,,,,,,,,
107,2770,,1月末〆合計明細書,パナソニック㈱エコソリューションズ社,東部経理ｾﾝﾀｰ　電材ｸﾞﾙｰﾌﾟ,小川,,茂木,,,4,,,,,,いつもお世話になります。,平成,27,1,30,03-6218-1141,,,,,,,,,,,,,,,,,,,東京都港区東新橋１丁目５番１号,,105-8301
108,2771,,上野動物園　御見積書,パナソニック（株）エコソリューションズ社,東京中央電材営業所,,,手塚,,,2,,,,,,弊社、石塚より話を受け、上野動物園の御見積書を作成しました。,平成,27,2,5,03-6218-1401,,永戸,,,,,,,,,,,,,,,,,,,
109,2775,,社屋移転のお知らせ,パナソニック㈱エコソリューションズ社,東部経理ｾﾝﾀｰ　電材ｸﾞﾙｰﾌﾟ,小川,,茂木,,,1,,,,,,お世話になっております。,平成,27,2,16,03-6218-1141,,,,,,,,,,,,,,,,,,,東京都港区東新橋１丁目５番１号,,105-8301
110,2776,,2月末〆合計明細書,パナソニック㈱エコソリューションズ社,東部経理ｾﾝﾀｰ　電材ｸﾞﾙｰﾌﾟ,小川,,茂木,,,6,,,,,,いつもお世話になります。,平成,27,2,27,03-6218-1141,,,,,,,,,,,,,,,,,,,東京都港区東新橋１丁目５番１号,,105-8301
111,2779,,上野動物園　御見積書,パナソニック（株）エコソリューションズ社,東京中央電材営業所,,,手塚,,,2,,,,,,御見積内容を変更サせて頂きましたので、御確認よろしくお願い致します。,平成,27,3,4,03-6218-1401,,永戸,,,,,,,,,,,,,,,,,,,
112,2780,,御札,,王子神社,湯浅,,石塚,,,1,,,,,,神棚の御札（王子神社）を受けたく、本日　お伺いしたのですが、ご不在だったため、千葉神社庁より連絡先をお聞きしてFAXさせて頂きました。,平成,27,3,6,047-344-5683,,,,,,,,,,,,,,,,,,,,,
113,2781,,住所変更の件,中立電機㈱,栃木流通センター,上吉原,,牧内,,,1,,,,,,,平成,27,3,9,0288-21-7607,,,,,,,,,,,,,,,,,,,栃木県日光市町谷１９３０,,321-2403
114,2782,,送り状,㈱ユアテック,設備技術部　施工センター　大手町工事チーム,櫻井,,髙尾,,,2,,,,,,いつもお世話になっております。,平成,27,3,10,03-3243-7127,,,,,,,,,,,,,,,,,,,,,
115,2783,,盤改造作業内容,(株)九電工,,沖崎,,浮ヶ谷,,,2,,,,,,いつもお世話になっています。,平成,27,3,11,03-6455-4513,,,,,,,,,,,,,,,,,,,,,
116,2784,,フル２線式リモコンシステム　現場調整,星電気商会,,星,,石塚,,,1,■,,,,,◎お世話になっております。,平成,25,3,11,045-574-2042,,社長,,,,,,,,,,,,,,,,,,,
117,2785,,納期確認,田中商事(株),首都圏第二営業部　松戸営業所,熊谷,,茂木,,,1,,,,,,お世話になっております。,平成,27,3,17,047-309-0710,,所長,,,,,,,,,,,,,,,,,千葉県松戸市千駄堀1802-1,,270-2252
118,2786,,上野動物園　御見積書,パナソニック（株）エコソリューションズ社,東京中央電材営業所,,,手塚,,,2,,,,,,御見積内容を変更させて頂きましたので、御確認よろしくお願い致します。,平成,27,3,18,03-6218-1401,,永戸,,,,,,,,,,,,,,,,,,,
119,2788,,3月末〆合計明細書,パナソニック㈱エコソリューションズ社,東部経理ｾﾝﾀｰ　電材ｸﾞﾙｰﾌﾟ,小川,,髙尾,,,4,,,,,,いつもお世話になります。,平成,27,3,31,03-6218-1141,,,,,,,,,,,,,,,,,,,東京都港区東新橋１丁目５番１号,,105-8301
120,2789,,3月分合計請求明細書（差替え分）,ミツワ電機 株式会社,業務管理部　会計ｸﾞﾙｰﾌﾟ,経理ご担当者,,茂木,,,2,,,,,,お世話になっております。,平成,27,4,2,03-3862-1186,,,,,,,,,,,,,,,,,,,東京都中央区東日本橋2-26-3　本館2F,,103-0004
121,2790,,NDDN-W57用　地図ﾃﾞｨｽｸ,東京ﾄﾖﾍﾟｯﾄ㈱,,,,石塚,,,1,■,■,,,,お世話になります。,平成,27,4,17,03-3609-2815,,,,,,,,,,,,,,,,,,,,,
122,2791,,4月分　合計請求明細書,杉本電機産業(株),川崎営業所,経理ご担当者,,茂木,,,2,,,,,,いつもお世話になっております。,平成,27,4,21,044-211-4732,,,,,,,,,,,,,,,,,,,神奈川県川崎市川崎区渡田向町6-5,,210-0841
123,2792,,4月分　合計請求明細書,海光電業　株式会社,,経理ご担当者,,茂木,,,2,,,,,,いつもお世話になっております。,平成,27,4,21,03-6417-4582,,,,,,,,,,,,,,,,,,,東京都品川区西五反田7-22-17,TOCﾋﾞﾙ6階,141-0031
124,2793,,金町浄水場,金町swing管理事務所,,高松,,花田,,,2,,,,,,金町浄水場のリモコンSW設定資料（手書き）をお送りします。,平成,27,4,23,,,,,,,,,,,,,,,,,,,,,,
125,2795,,4月末〆合計明細書,パナソニック㈱エコソリューションズ社,東部経理ｾﾝﾀｰ　電材ｸﾞﾙｰﾌﾟ,小川,,茂木,,,3,,,,,,いつもお世話になります。,平成,27,4,30,03-6218-1141,,,,,,,,,,,,,,,,,,,東京都港区東新橋１丁目５番１号,,105-8301
126,2796,,大手町フィナンシャルシティー盤改造,(株)関電工,,千葉,,佐野,,,1,,,,,,お世話になっております。零電社の佐野です。,平成,27,5,4,03-3270-7900,,,,,,,,,,,,,,,,,,,,,
127,2798,,（有）零電社　安全大会出席者,パナソニックESエンジニアリング(株),東京本部　業務部,浅井,,牧内,,,2,,,,,,お世話になっております。,平成,27,5,18,03-5564-7077,,部長,,,,,,,,,,,,,,,,,東京都江東区青海1-1-20,ﾀﾞｲﾊﾞｰｼﾃｨ東京ｵﾌｨｽﾀﾜｰ13階,135-0064
128,2799,,5月末〆合計明細書,パナソニック㈱エコソリューションズ社,東部経理ｾﾝﾀｰ　電材ｸﾞﾙｰﾌﾟ,小川,,茂木,,,3,,,,,,いつもお世話になります。,平成,27,5,29,03-6218-1141,,,,,,,,,,,,,,,,,,,東京都港区東新橋１丁目５番１号,,105-8301
129,2801,,能美防災　千葉支社,関東電気保安協会,千葉事業所　電気保安３課,岩瀬,,山下,,,5,,,,,,いつもお世話になっております。,平成,27,5,29,043-424-8994,,,,,,,,,,,,,,,,,,,,,
130,2802,,案件登録シートの件,田中商事(株),首都圏第二営業部,熊谷,,坂本,,,1,■,■,■,■,,いつもお世話になっております。,平成,27,6,3,047-309-0710,,所長,,,,,,,,,,,,,,,,,千葉県松戸市千駄堀1802-1,,270-2252
131,2803,,,パナソニックエコソリューションズ電路㈱,電設盤特機受注センター,ご担当者,,茂木,,,6,,,,,,お世話になっております。,平成,27,6,12,0561-54-7620,,,,,,,,,,,,,,,,,,,愛知県尾張旭市三郷町角田１１２３,,488-0012
132,2804,,電気工事業に係る変更届出書,電気工事工業松戸支部　,,高階,,牧内,,,2,,,,,,お世話になっております。,平成,27,6,15,047-345-5332,,,,,,,,,,,,,,,,,,,東京都江東区青海1-1-20,ﾀﾞｲﾊﾞｰｼﾃｨ東京ｵﾌｨｽﾀﾜｰ13階,135-0064
133,2805,,宅急便送付状,株式会社 ユアテック,,櫻井,,牧内,,,2,,,,,,お世話になっております。,平成,27,6,17,03-3243-7127,,,,,,,,,,,,,,,,,,,東京都江東区青海1-1-20,ﾀﾞｲﾊﾞｰｼﾃｨ東京ｵﾌｨｽﾀﾜｰ13階,135-0064
134,2806,,宅急便送付状,株式会社 ユアテック,,櫻井,,坂本,,,2,,,,,,お世話になっております。,平成,27,6,18,03-3243-7127,,,,,,,,,,,,,,,,,,,東京都江東区青海1-1-20,ﾀﾞｲﾊﾞｰｼﾃｨ東京ｵﾌｨｽﾀﾜｰ13階,135-0064
135,2807,,免許申請・意思確認書,㈱サンテレコムジャパン　,,宮崎,,牧内,,,2,,,,,,お世話になっております。,平成,27,6,25,03-3454-1173,,,,,,,,,,,,,,,,,,,東京都江東区青海1-1-20,ﾀﾞｲﾊﾞｰｼﾃｨ東京ｵﾌｨｽﾀﾜｰ13階,135-0064
136,2808,,6月末〆合計明細書,パナソニック㈱エコソリューションズ社,東部経理ｾﾝﾀｰ　電材ｸﾞﾙｰﾌﾟ,小川,,茂木,,,3,,,,,,いつもお世話になります。,平成,27,6,30,03-6218-1141,,,,,,,,,,,,,,,,,,,東京都港区東新橋１丁目５番１号,,105-8301
137,2809,,名称板製作,梅崎機械彫刻所,,梅崎,,木村,,,2,,,,,,毎度お世話になっております。,平成,27,7,23,047-387-8575,,社長,,,,,,,,,,,,,,,,,千葉県松戸市高柳新田１１１－４,,270-2201
138,2810,,企業財産保険契約内容変更確認書・承認書,㈱キキ・コンサルティング,,内田,,牧内,,,2,,,,,,お世話になっております。,平成,27,7,27,03-5357-7842,,,,,,,,,,,,,,,,,,,東京都新宿区新宿2-5-1,アルテビル新宿８階,160-0022
139,2812,,7月末〆合計明細書,パナソニック㈱エコソリューションズ社,東部経理ｾﾝﾀｰ　電材ｸﾞﾙｰﾌﾟ,小川,,茂木,,,3,,,,,,いつもお世話になります。,平成,27,7,31,03-6218-1141,,,,,,,,,,,,,,,,,,,東京都港区東新橋１丁目５番１号,,105-8301
140,2813,,制作依頼,ソウブ電商（株）,,三島,,松藤,,,2,,,,,,お世話になっております。,平成,27,8,4,0489-56-3803,,,,,,,,,,,,,,,,,,,埼玉県三郷市戸ケ崎２－７８４,,341-0044
141,2814,,送り状,株式会社きんでん,東京支社　第二工事部　工事第一課,坂巻,,茂木,,,2,,,,,,お世話になっております。,平成,27,8,7,03-5475-8027,,,,,,,,,,,,,,,,,,,,,
142,2815,,送り状,パナソニック(株)エコソリューションズ社,東京電設営業所　電設盤営業課,柳田,,茂木,,,2,,,,,,お世話になっております。,平成,27,8,7,03-6218-1571,,課長,,,,,,,,,,,,,,,,,東京都港区東新橋１丁目５番１号,,105-8301
143,2816,,制作依頼,ソウブ電商（株）,,三島,,花田,,,2,,,,,,お世話になっております。,平成,27,8,8,0489-56-3803,,,,,,,,,,,,,,,,,,,埼玉県三郷市戸ケ崎２－７８４,,341-0044
144,2817,,制作依頼,ソウブ電商（株）,,三島,,勅使河原,,,2,,,,,,お世話になっております。,平成,27,8,17,0489-56-3803,,,,,,,,,,,,,,,,,,,埼玉県三郷市戸ケ崎２－７８４,,341-0044
145,2818,,制作依頼,ソウブ電商（株）,,三島,,勅使河原,,,2,,,,,,お世話になっております。,平成,27,8,17,0489-56-3803,,,,,,,,,,,,,,,,,,,埼玉県三郷市戸ケ崎２－７８４,,341-0044
146,2819,,お振込み先,光商工㈱,経理,川俣,,茂木,,,1,,,,,,お世話になっております。,平成,27,8,17,03-3574-0647,,,,,,,,,,,,,,,,,,,,,
147,2820,,御見積もり依頼,タカノスマイル株式会社,,石井様,,山下,,,1,,,□,,,いつもお世話になっております。,平成,27,8,19,047-364-2132,,,,,,,,,,,,,,,,,,,,,
148,2821,,御見積もり依頼,扇港電機株式会社,,平田課長,,山下,,,1,,,□,,,いつもお世話になっております。,平成,27,8,19,043-257-4530,,,,,,,,,,,,,,,,,,,,,
149,2822,,御見積もり依頼,田中商事株式会社,,熊谷所長,,山下,,,1,,,□,,,いつもお世話になっております。,平成,27,8,19,047-309-0710,,,,,,,,,,,,,,,,,,,,,
150,2823,,ＵＳＳ東京フル2線制御システム落雷対策工事,パナソニック（株）エコソリューションズ社,中央電材営業所,水野,,勅使河原,,,2,■,,,,,いつもお世話になっております。,平成,27,8,21,03-6218-1401,,,,,,,,,,,,,,,,,,,千葉県千葉市美浜区中瀬２－６,ＷＢＧマリブウエスト　３３階,261-7133
151,2824,,神保町三井ビル,ニシムラ(株),東京営業所,瀬戸井,,茂木,,,1,,,,,,お世話になっております。,平成,27,8,21,03-5714-0822,,,,,,,,,,,,,,,,,,,,,
152,2825,,8月末〆合計明細書,パナソニック㈱エコソリューションズ社,東部経理ｾﾝﾀｰ　電材ｸﾞﾙｰﾌﾟ,小川,,茂木,,,6,,,,,,いつもお世話になります。,平成,27,8,31,03-6218-1141,,,,,,,,,,,,,,,,,,,東京都港区東新橋１丁目５番１号,,105-8301
153,2827,,注文依頼,ダイハツ　松戸南店,,中山,,牧内,,,2,,,,,,お世話になっております。,平成,27,9,2,047-361-0635,,,,,,,,,,,,,,,,,,,埼玉県三郷市戸ケ崎２－７８４,,341-0044
154,2828,,（仮称）東上野二丁目計画,㈱きんでん,,富永,,木村,,,,,,,,,いつもお世話になっております。,平成,27,9,9,03-3837-2805,,,,,,,,,,,,,,,,,,,,,
155,2829,,9月末〆合計明細書,パナソニック㈱エコソリューションズ社,東部経理ｾﾝﾀｰ　電材ｸﾞﾙｰﾌﾟ,小川,,茂木,,,3,,,,,,いつもお世話になります。,平成,27,9,30,03-6218-1141,,,,,,,,,,,,,,,,,,,東京都港区東新橋１丁目５番１号,,105-8301
156,2830,,11月度　総括請求書,パナソニックＥＳエンジニアリング㈱,経営管理部,大江,,茂木,,,2,,,,,,お世話になっております。,平成,28,12,1,03-5564-7076,,,,,,,,,,,,,,,,,,,東京都江東区青海1-1-20,ﾀﾞｲﾊﾞｰｼﾃｨ東京ｵﾌｨｽﾀﾜｰ13階,135-0064
157,2831,,（仮称）新鉄鋼ビル建替計画　新規入場申請,㈱関電工,東京営業本部　東京総支社　中央支社,刀川,,木村,,,2,,,,,,いつもお世話になっております。,平成,27,10,11,03-5220-5171,,,,,,,,,,,,,,,,,,,,,
158,2832,,振込先銀行,ヤマト電機(株),,赤池,,茂木,,,1,,,,,,いつもお世話になっております。,平成,27,10,14,03-3970-6430,,,,,,,,,,,,,,,,,,,,,
159,2833,,名称板製作,梅崎機械彫刻所,,梅崎,,木村,,,2,,,,,,毎度お世話になっております。,平成,27,10,28,047-387-8575,,社長,,,,,,,,,,,,,,,,,千葉県松戸市高柳新田１１１－４,,270-2201
160,2834,,納品書　4件分,パナソニックＥＳエンジニアリング㈱　東京本部,ﾋﾞﾙｼｽﾃﾑ事業統括部　ｶｽﾀﾏｰｻｰﾋﾞｽ部　ｻｰﾋﾞｽ1課,岩本,,茂木,,,5,,,,,,お世話になっております。,平成,27,10,29,03-5564-6217,,,,,,,,,,,,,,,,,,,東京都江東区青海1-1-20,ﾀﾞｲﾊﾞｰｼﾃｨ東京ｵﾌｨｽﾀﾜｰ13階,135-0064
161,2835,,10月末〆合計明細書,パナソニック㈱エコソリューションズ社,東部経理ｾﾝﾀｰ　電材ｸﾞﾙｰﾌﾟ,小川,,茂木,,,4,,,,,,いつもお世話になります。,平成,27,10,30,03-6218-1141,,,,,,,,,,,,,,,,,,,東京都港区東新橋１丁目５番１号,,105-8301
162,2837,,10月末〆合計明細書,新和照明株式会社　首都圏支店,東京電設営業所,勝又,,牧内,,,2,,,,,,いつもお世話になります。,平成,27,11,2,03-3845-7101,,,,,,,,,,,,,,,,,,,東京都台東区東上野6-7-13,,110-0015
163,2838,,住友ケミカル　,㈱カタヤマ,,河本,,茂木,,,2,,,,,,お世話になっております。,平成,27,11,10,03-3643-6869,,部長,,,,,,,,,,,,,,,,,,,
164,2840,,11月末〆合計明細書,パナソニック㈱エコソリューションズ社,東部経理ｾﾝﾀｰ　電材ｸﾞﾙｰﾌﾟ,小川,,茂木,,,4,,,,,,いつもお世話になります。,平成,27,11,30,03-6218-1141,,,,,,,,,,,,,,,,,,,東京都港区東新橋１丁目５番１号,,105-8301
165,2842,,木ネジ価格確認,有限会社サトーファスナー,,佐藤,,茂木,,,3,,,,,,お世話になっております。,平成,27,12,1,047-364-7479,,,,,,,,,,,,,,,,,,,千葉県松戸市栄町西3-1109-2,,271-0061
166,2843,,住所変更依頼,有限会社サトーファスナー,,佐藤,,茂木,,,1,,,,,,お世話になっております。,平成,27,12,1,047-364-7479,,,,,,,,,,,,,,,,,,,千葉県松戸市栄町西3-1109-2,,271-0061
167,2844,,晴海トリトンスクエアＺ棟17Ｆ・23Ｆ,パナソニックエコソリューションズ電路㈱盤生産管理部　標準生産管理課,,柴田,,坂本,,,5,,,,,,お世話になっております。,平成,27,12,1,0561-54-7620,,,,,,,,,,,,,,,,,,,千葉県松戸市栄町西3-1109-2,,271-0061
168,2845,,名称板製作,梅崎機械彫刻所,,梅崎,,木村,,,1,,,,,,毎度お世話になっております。,平成,27,12,6,047-387-8575,,社長,,,,,,,,,,,,,,,,,千葉県松戸市高柳新田１１１－４,,270-2201
169,2846,,淑徳大学看護栄養学部増築工事,パナソニック（株）エコソリューションズ社,千葉電材営業所,上田,,松藤,,,2,,,,,,御世話になっております。,平成,27,12,18,043-297-6101,,,,,,,,,,,,,,,,,,,千葉県千葉市美浜区中瀬２－６,ＷＢＧマリブウエスト　３３階,261-7133
170,2847,,,パナソニックESエンジニアリング㈱,人事部,岩本,,牧内,,,2,,,,,,お世話になっております。,平成,27,12,21,06-6910-0130,,,,,,,,,,,,,,,,,,,大阪府大阪市中央区城見２－１－６１,ＯＢＰパナソニックタワー１０Ｆ,540-0001
171,2848,,シモジマ本社,ミツワ電機株式会社,市販営業本部　東京第一営業所,岩山,,花田,,,1,,,,,,いつもお世話になっております。,平成,27,12,22,03-6852-8207,,,,,,,,,,,,,,,,,,,東京都中央区東日本橋2丁目26-3　,ﾐﾂﾜ電機㈱本館　8階,103-0004
172,2850,,制作依頼,ソウブ電商（株）,,三島,,松藤,,,2,,,,,,お世話になっております。,平成,28,1,6,0489-56-3803,,,,,,,,,,,,,,,,,,,埼玉県三郷市戸ケ崎２－７８４,,341-0044
173,2851,,制作依頼,ソウブ電商（株）,,三島,,花田,,,2,,,,,,お世話になっております。,平成,28,1,6,0489-56-3803,,,,,,,,,,,,,,,,,,,埼玉県三郷市戸ケ崎２－７８４,,341-0044
174,2852,,小野学園　照明制御調査,中央電気工事（株）,,塩谷,,花田,,,1,,,,,,下記のメールに送って頂けると助かります。,平成,28,1,6,03-3350-0430,,,,,,,,,,,,,,,,,,,埼玉県三郷市戸ケ崎２－７８４,,341-0044
175,2853,,野田物流センター　フル２線調整工事,(株)きんでん,,加藤,,松藤,,,1,,,,,,御世話になります。,平成,28,1,12,04-7197-7762,,,,,,,,,,,,,,,,,,,,,
176,2854,,ＴＤＳホテルミラコスタ　盤面操作表示ユニット交換,東幸電機㈱,,原,,坂本,,,3,,,,,,いつもお世話になります。,平成,28,1,20,03-3433-2284,,,,,,,,,,,,,,,,,,,,,
177,2855,,新鉄鋼ビル（ＪＲ東日本パーソン）030-TDL012　盤改造工事,パナソニックESエンジニアリング（株）,東京本部　ビルシステム事業統括部,和田,,坂本,,,2,,,,,,いつもお世話になります。,平成,28,1,21,03-5564-6216,,,,,,,,,,,,,,,,,,,東京都江東区青海1-1-20,ﾀﾞｲﾊﾞｰｼﾃｨ東京ｵﾌｨｽﾀﾜｰ13Ｆ,135-0064
178,2856,,名称板製作,梅崎機械彫刻所,,梅崎,,木村,,,3,,,,,,毎度お世話になっております。,平成,28,1,22,047-387-8575,,社長,,,,,,,,,,,,,,,,,千葉県松戸市高柳新田１１１－４,,270-2201
179,2857,,3月分出向費書類の件,パナソニックESエンジニアリング㈱,人事部,岩本,,茂木,,,2,,,,,　,お世話になっております。,平成,28,3,24,06-6910-0130,,,,,,,,,,,,,,,,,,,大阪府大阪市中央区城見２－１－６１,ＯＢＰパナソニックタワー１０Ｆ,540-0001
180,2858,,1月末〆合計明細書,パナソニック㈱エコソリューションズ社,東部経理ｾﾝﾀｰ　電材ｸﾞﾙｰﾌﾟ,小川,,茂木,,,5,,,,,,いつもお世話になります。,平成,28,1,29,03-6218-1141,,,,,,,,,,,,,,,,,,,東京都港区東新橋１丁目５番１号,,105-8301
181,2860,,フル２線設定の件,株式会社　タカノスマイル,江東営業所,伊藤,,松藤,,,1,,,,,,御世話になります。,平成,28,1,29,03-5600-1177,,,,,,,,,,,,,,,,,,,東京都江東区新大橋2-16-6,ﾀｶﾉｽﾏｲﾙ新大橋ﾋﾞﾙ内,135-0007
182,2861,,ナミデン(株)入金額の件,株式会社　綜合税経ｾﾝﾀｰ,税理士法人　あさひ会計,田中,,茂木,,,2,,,,,,お世話になっております。,平成,28,2,2,04-7166-4154,,,,,,,,,,,,,,,,,,,千葉県柏市柏4-5-10,ｻﾝﾌﾟﾗｻﾞﾋﾞﾙ2F,277-0005
183,2863,,請求書の件,パナソニックエコソリューションズ電路㈱盤生産管理課,,小池,,坂本,,,2,,,,,,いつもお世話になっております。,平成,28,2,3,0561-54-7620,,,,,,,,,,,,,,,,,,,,,
184,2864,,JCB・ETC明細,株式会社　綜合税経ｾﾝﾀｰ,税理士法人　あさひ会計,田中,,茂木,,,9,,,,,,お世話になっております。,平成,28,2,5,04-7166-4154,,,,,,,,,,,,,,,,,,,千葉県柏市柏4-5-10,ｻﾝﾌﾟﾗｻﾞﾋﾞﾙ2F,277-0005
185,2865,,相模大野駅の件,松尾商行,,長峰,,勅使河原,,,2,,,,,,相模大野駅のお見積り書をお送りいたします。,平成,28,2,8,0427571211,,,,,,,,,,,,,,,,,,,,,
186,2866,,部材の件,パナソニックエコソリューションズ電路㈱,盤生産管理部　標準生産管理課,柴田,,坂本,,,3,,,,,,いつもお世話になっております。,平成,28,2,9,0561-54-7620,,,,,,,,,,,,,,,,,,,愛知県尾張旭市三郷町角田１１２３,,488-0012
187,2867,,アクロス新川システム修繕の件,ミツワ電機株式会社,開発営業部,熊倉,,勅使河原,,,2,,,,,,毎度お世話になります。,平成,28,2,10,03-6861-3588,,,,,,,,,,,,,,,,,,,,,
188,2868,,部材の件,パナソニックエコソリューションズ電路㈱,盤生産管理部　標準生産管理課,杉原,,坂本,,,2,,,,,,いつもお世話になっております。,平成,28,2,16,0561-54-7620,,,,,,,,,,,,,,,,,,,東京都千代田区岩本町3-5-5,,
189,2869,,部材の件,パナソニックエコソリューションズ電路㈱,盤生産管理部　標準生産管理課,柴田,,坂本,,,3,,,,,,いつもお世話になっております。,平成,28,2,17,0561-54-7620,,,,,,,,,,,,,,,,,,,東京都千代田区岩本町3-5-5,,
190,2870,,御見積もり依頼,スズデン株式会社,コンポーネンツ東京営業所,平野,,山下,,,1,,,□,,,いつもお世話になっております。,平成,28,2,18,03-3635-8264,,,,,,,,,,,,,,,,,,,,,
191,2871,,部材の件,パナソニックエコソリューションズ電路㈱,盤生産管理部　標準生産管理課,柴田,,坂本,,,3,,,□,,,いつもお世話になっております。,平成,28,2,22,0561-54-7620,,,,,,,,,,,,,,,,,,,愛知県尾張旭市三郷町角田１１２３,,488-0012
192,2872,,件名「YAMATOMURA(ﾔﾏﾄﾑﾗ)新築工事」　御見積書,株式会社　タカノスマイル,江東営業所,伊藤　様,,松藤,,,2,,,,,,御世話になっております。,平成,28,2,24,03-5600-1177,,,,,,,,,,,,,,,,,,,,,
193,2873,,2月末〆合計明細書,パナソニック㈱エコソリューションズ社,東部経理ｾﾝﾀｰ　電材ｸﾞﾙｰﾌﾟ,小川,,茂木,,,3,,,,,,いつもお世話になります。,平成,28,2,29,03-6218-1141,,,,,,,,,,,,,,,,,,,東京都港区東新橋１丁目５番１号,,105-8301
194,2874,,寺尾地区センター,（株）松尾商行,新横浜事業所,中村,,壁谷,,,2,,,,,,お世話になっております。零電社　壁谷です。,平成,28,3,1,045-546-4371,,,,,,,,,,,,,,,,,,,,,
195,2875,,ＴＮ　スクエアビル,小島電機工業㈱,旭営業所,小幡,,山下,,,2,■,,,,,お世話になっております。零電社　山下です。,平成,28,3,1,045-952-5764,,,,,,,,,,,,,,,,,,,,,
196,2876,,白金の丘学園　リモコン設定,神田電業株式会社,営業部,鵜飼,,壁谷,,,8,,,,,,お世話になっております。零電社　壁谷です。,平成,28,3,1,03-3256-2966,,,,,,,,,,,,,,,,,,,,,
197,2877,,Ｍ2ＬＭ-Ｋ5　積算電力計の件,パナソニックエコソリューションズ電路㈱,電設盤特機受注センター,柴田,,坂本,,,2,,,,,,お世話になっております。,平成,28,3,2,0561-54-7620,,,,,,,,,,,,,,,,,,,愛知県尾張旭市三郷町角田１１２３,,488-0012
198,2878,,Ｍ2ＬＭ-Ｋ5　積算電力計の件,パナソニックエコソリューションズ電路㈱,電設盤特機受注センター,柴田,,坂本,,,2,,,,,,お世話になっております。,平成,28,3,2,0561-54-7620,,,,,,,,,,,,,,,,,,,愛知県尾張旭市三郷町角田１１２３,,488-0012
199,2879,,御見積もり依頼,田中商事株式会社,,熊谷所長,,山下,,,1,,,□,,,いつもお世話になっております。,平成,28,3,18,047-309-0710,,,,,,,,,,,,,,,,,,,,,
200,2880,,御見積もり依頼,扇港電機株式会社,,平田課長,,山下,,,1,,,□,,,いつもお世話になっております。,平成,28,3,18,043-257-4530,,,,,,,,,,,,,,,,,,,,,
201,2881,,部材の件,パナソニックエコソリューションズ電路㈱,電設盤特機受注センター,柴田,,坂本,,,3,,,□,,,いつもお世話になっております。,平成,28,3,18,0561-54-7620,,,,,,,,,,,,,,,,,,,愛知県尾張旭市三郷町角田１１２３,,488-0012
202,2882,,振込先銀行口座,東和電材(株),,ナカイチ,,茂木,,,2,,,,,,お世話になっております。,平成,28,3,29,017-739-9149,,,,,,,,,,,,,,,,,,,,,
203,2883,,振込先銀行口座,杉本電機産業(株),港北営業所,飯島,,茂木,,,1,,,,,,お世話になっております。,平成,28,3,30,045-929-5312,,所長,,,,,,,,,,,,,,,,,神奈川県横浜市都筑区池辺町3900,,224-0053
204,2884,,3月末〆合計明細書,パナソニック㈱エコソリューションズ社,東部経理ｾﾝﾀｰ　電材ｸﾞﾙｰﾌﾟ,小川,,茂木,,,2,,,,,,いつもお世話になります。,平成,28,3,31,03-6218-1141,,,,,,,,,,,,,,,,,,,東京都港区東新橋１丁目５番１号,,105-8301
205,2886,,入荷部材確認,パナソニックエコソリューションズ電路㈱,盤生産管理部　生産管理課,松原,,茂木,,,2,,,,,,お世話になっております。,平成,28,3,31,0561-54-7620,,（武）,,,,,,,,,,,,,,,,,愛知県尾張旭市三郷町角田１１２３番地,,488-8520
206,2888,,件名「YAMATOMURA(ﾔﾏﾄﾑﾗ)新築工事」　御見積書,株式会社　タカノスマイル,江東営業所,伊藤　様,,松藤,,,1,,,,,,御世話になっております。,平成,28,4,1,03-5600-1177,,,,,,,,,,,,,,,,,,,,,
207,2889,,件名「白鳥三笠ビル」,海光電業(株),第四営業部二課,大村,,松藤,,,1,,,,,,いつも御世話になっております。,平成,28,4,5,03-6417-4582,,,,,,,,,,,,,,,,,,,東京都品川区西五反田7-22-17,TOCビル6階,141-0031
208,2890,,マルチＮ基盤の件,パナソニックＥＳ電路㈱,盤生産管理部　生産管理課,山口,,木村,,,3,,,□,,,いつもお世話になっております。,平成,28,4,5,0561-54-7620,,,,,,,,,,,,,,,,,,,愛知県尾張旭市三郷町角田1123,,488-0012
209,2891,,文京区立真砂中央図書館改修電気設備工事,田中商事株式会社,王子営業所,斉藤,,山下,,,2,■,,,,,お世話になっております。零電社　山下です。,平成,28,4,25,03-5959-3245,,,,,,,,,,,,,,,,,,,,,
210,2892,,4月末〆合計明細書,パナソニック㈱エコソリューションズ社,東部経理ｾﾝﾀｰ　電材ｸﾞﾙｰﾌﾟ,小川,,茂木,,,2,,,,,,いつもお世話になります。,平成,28,4,28,03-6218-1141,,,,,,,,,,,,,,,,,,,東京都港区東新橋１丁目５番１号,,105-8301
211,2893,,実務経験証明書,千葉県電気工事工業組合,,ご担当者,,壁谷,,,2,,,,,,お世話になります。,平成,28,5,27,043-224-6087,,,,,,,,,,,,,,,,,,,東京都港区東新橋１丁目５番１号,,105-8301
212,2894,,5月末〆合計明細書,パナソニック㈱エコソリューションズ社,東部経理ｾﾝﾀｰ　電材ｸﾞﾙｰﾌﾟ,小川,,茂木,,,3,,,,,,いつもお世話になります。,平成,28,5,31,03-6218-1141,,,,,,,,,,,,,,,,,,,東京都港区東新橋１丁目５番１号,,105-8301
213,2896,,件名「西長沢浄水場」,杉本電機産業（株）,,足立,,壁谷,,,2,■,,,,,御世話になっております。零電社　壁谷です。,平成,28,6,6,044-211-4733,,,,,,,,,,,,,,,,,,,東京都品川区西五反田7-22-17,TOCビル6階,141-0031
214,2897,,名称板製作,梅崎機械彫刻所,,梅崎,,木村,,,2,,,,,,毎度お世話になっております。,平成,28,6,14,047-387-8575,,社長,,,,,,,,,,,,,,,,,千葉県松戸市高柳新田１１１－４,,270-2201
215,2898,,名称板製作,梅崎機械彫刻所,,梅崎,,木村,,,1,,,,,,毎度お世話になっております。,平成,28,6,23,047-387-8575,,社長,,,,,,,,,,,,,,,,,千葉県松戸市高柳新田１１１－４,,270-2201
216,2899,,7月末〆合計明細書,パナソニック㈱エコソリューションズ社,東部経理ｾﾝﾀｰ　電材ｸﾞﾙｰﾌﾟ,小川,,茂木,,,5,,,,,,いつもお世話になります。,平成,28,7,29,03-6218-1141,,,,,,,,,,,,,,,,,,,東京都港区東新橋１丁目５番１号,,105-8301
217,2900,,名称板製作,梅崎機械彫刻所,,梅崎,,木村,,,1,,,,,,毎度お世話になっております。,平成,28,7,4,047-387-8575,,社長,,,,,,,,,,,,,,,,,千葉県松戸市高柳新田１１１－４,,270-2201
218,2901,,見積依頼,パナソニック電路㈱,,山口,,牧内,,,1,,,,,,お世話になっております。,平成,28,7,8,0561-54-7620,,,,,,,,,,,,,,,,,,,,,
219,2902,,見積依頼,パナソニックエコソリューションズ電路㈱,電設盤特機受注センター,柴田,,牧内,,,1,,,,,,いつもお世話になっております。,平成,28,7,8,0561-54-7620,,,,,,,,,,,,,,,,,,,愛知県尾張旭市三郷町角田１１２３,,488-0012
220,2903,,八丁堀センタービル５Ｆ～８Ｆテナント入居工事,佐藤電設工業株式会社,電気工事部,木寺,,松藤,,,1,,,,,,御世話になります。,平成,28,8,2,03-3909-3737,,部長,,,,,,,,,,,,,,,,,,,
221,2904,,,堀 鋲螺株式会社,,ご担当者,,茂木,,,1,,,,,,お世話になっております。,平成,28,8,3,06-6745-6100,,,,,,,,,,,,,,,,,,,,,
222,2905,,,パナソニックエコソリューションズ電路㈱,電設盤特機受注センター,柴田,,茂木,,,1,,,,,,お世話になっております。,平成,28,8,3,0561-54-7620,,,,,,,,,,,,,,,,,,,愛知県尾張旭市三郷町角田１１２３,,488-0012
223,2906,,,パナソニックエコソリューションズ電路㈱,電設盤特機受注センター,柴田,,茂木,,,1,,,,,,お世話になっております。,平成,28,8,3,0561-54-7620,,,,,,,,,,,,,,,,,,,愛知県尾張旭市三郷町角田１１２３,,488-0012
224,2907,,部材の納期,パナソニックエコソリューションズ電路㈱,電設盤特機受注センター,柴田,,茂木,,,2,,,,,,いつもお世話になっております。,平成,28,8,9,0561-54-7620,,,,,,,,,,,,,,,,,,,愛知県尾張旭市三郷町角田１１２３,,488-0012
225,2908,,合計請求明細書,神田電業（株）,,経理ご担当者,,茂木,,,2,,,,,,お世話になっております。,平成,28,8,25,03-3256-2966,,,,,,,,,,,,,,,,,,,東京都千代田区鍛冶町2-4-7　3Kﾋﾞﾙ2Ｆ,,101-0044
226,2909,,8月末〆合計明細書,パナソニック㈱エコソリューションズ社,東部経理ｾﾝﾀｰ　電材ｸﾞﾙｰﾌﾟ,小川,,茂木,,,4,,,,,,いつもお世話になります。,平成,28,8,31,03-6218-1141,,,,,,,,,,,,,,,,,,,東京都港区東新橋１丁目５番１号,,105-8301
227,2911,,8月度　合計請求明細書,新和照明（株）,商品業務課,高橋,,茂木,,,2,,,,,,お世話になっております。,平成,28,9,1,03-3842-3774,,,,,,,,,,,,,,,,,,,東京都台東区東上野6-7-13,,110-0015
228,2912,,照明制御資料の件,,,,,壁谷,,,1,,,,,,お世話になっております。零電社　壁谷と申します。,平成,28,9,5,03-3313-2509,,,,,,,,,,,,,,,,,,,東京都台東区東上野6-7-13,,110-0015
229,2913,,【作業員名簿】日本通運㈱本社ビル　5階事務所化工事,,㈱九電工,金﨑副長,,茂木,,,2,,,,,,お世話になっております。,平成,28,9,7,03-3573-1635,,,,,,,,,,,,,,,,,,,,,
230,2914,,,パナソニックエコソリューションズ電路㈱,電設盤特機受注センター,柴田,,井上,,,2,,,,,1課　晴海ﾄﾘﾄﾝｽｸｴｱ,いつもお世話になっております。,平成,28,9,21,0561-54-7620,,,,,,,,,,,,,,,,,,,愛知県尾張旭市三郷町角田１１２３,,488-0012
231,2915,,ET200-3の形式,共立継器㈱,,河合,,井上,,,2,,,,,1課　晴海ﾄﾘﾄﾝｽｸｴｱ,いつもお世話になっております。,平成,28,9,21,0568-82-4276,,,,,,,,,,,,,,,,,,,,,
232,2916,,湘南カントリークラブ不具合調査の件,杉本電気産業株式会社　茅ヶ崎営業所,,コジマ所長,,山下,,,2,,,,,,いつも御世話になっております。,平成,28,9,21,0467-58-2611,,,,,,,,,,,,,,,,,,,,,
233,2917,,ＷＲＴ4740×8台　発送先,パナソニックエコソリューションズ電路㈱,盤生産管理部　標準生産管理課,柴田,,茂木,,,2,,,,,,お世話になっております。,平成,28,9,29,0561-54-7620,,,,,,,,,,,,,,,,,,,愛知県尾張旭市三郷町角田１１２３,,488-0012
234,2918,,9月末〆合計明細書,パナソニック㈱エコソリューションズ社,東部経理ｾﾝﾀｰ　電材ｸﾞﾙｰﾌﾟ,小川,,茂木,,,4,,,,,,いつもお世話になります。,平成,28,9,30,03-6218-1141,,,,,,,,,,,,,,,,,,,東京都港区東新橋１丁目５番１号,,105-8301
235,2919,,金額教えて下さい。,パナソニックエコソリューションズ電路㈱,盤生産管理部　標準生産管理課,山口,,井上,,,2,,,,,1課　晴海ﾄﾘﾄﾝｽｸｴｱ　Ｘ棟,いつもお世話になっております。,平成,28,10,3,0561-54-7620,,,,,,,,,,,,,,,,,,,,,
236,2920,,ＲＤ１００－１２　圧着端子,株式会社 タカノスマイル,松戸営業所,石井,,井上,,,3,,,,,,　千葉市稲毛区小仲台１－６,平成,28,10,5,047-364-2132,,,,,,,,,,,,,,,,,,,,,
237,2921,,,(株)扇港電機,関東電材営業部,平田,,茂木,,,3,,,,,,お世話になっております。,平成,28,10,17,043-257-4530,,課長,,,,,,,,,,,,,,,,,千葉県千葉市花見川区作新台4-13-12,,262-0045
238,2922,,新しい運賃着払票20枚ほど頂きたいです。,西濃運輸㈱,松戸支店,ご担当者,,井上,,,2,,,,,,いつもお世話になっております。,平成,28,10,25,047-366-1998,,,,,,,,,,,,,,,,,,,千葉県千葉市花見川区作新台4-13-12,,262-0045
239,2923,,件名「白鳥橋三笠ビル」,海光電業(株),第四営業部二課,大村,,山下,,,2,■,,,,,いつも御世話になっております。,平成,28,4,5,03-6417-4582,,,,,,,,,,,,,,,,,,,東京都品川区西五反田7-22-17,TOCビル6階,141-0031
240,2924,,10月末〆合計明細書,パナソニック㈱エコソリューションズ社,東部経理ｾﾝﾀｰ　電材ｸﾞﾙｰﾌﾟ,小川,,茂木,,,4,,,,,,いつもお世話になります。,平成,28,10,31,03-6218-1141,,,,,,,,,,,,,,,,,,,東京都港区東新橋１丁目５番１号,,105-8301
241,2927,,品番：ＬＭ90200 ⇒ 納期回答お願いします。,(株)扇港電機,関東電材営業部,平田,,井上,,,3,,,,,1課　在庫,,平成,28,10,17,043-257-4530,,課長,,,,,,,,,,,,,,,,,千葉県千葉市花見川区作新台4-13-12,,262-0045
242,2928,,至急手配 ＆ 納期回答お願いします。,パナソニックエコソリューションズ電路㈱,電設盤事業推進ｸﾞﾙｰﾌﾟ　電設盤生産管理ﾁｰﾑ,柴田,,井上,,,2,,,,,1課　5116　六本木ヒルズ　森タワー　39Ｆ,いつも大変お世話になっております。,平成,28,11,21,0561-54-7620,,,,,,,,,,,,,,,,,,,愛知県尾張旭市三郷町角田１１２３,,488-0012
243,2929,,12月末〆合計明細書,パナソニック㈱エコソリューションズ社,東部経理ｾﾝﾀｰ　電材ｸﾞﾙｰﾌﾟ,小川,,茂木,,,3,,,,,,いつもお世話になります。,平成,28,12,28,03-6218-1141,,,,,,,,,,,,,,,,,,,東京都港区東新橋１丁目５番１号,,105-8301
244,2930,,ロイヤルホームセンター千葉みなと店,ブロアム電気,,黒田,,松藤,,,5,,,,,,御世話になります。,平成,28,12,9,043-309-8073,,健ニ,,,,,,,,,,,,,,,,,,,
245,2931,,警視庁西新井警察ほか表示設備改修工事,(株)タカノスマイル,足立営業所,安本,,松藤,,,2,,,,,,御世話になります。,平成,28,12,13,03-3856-1486,,,,,,,,,,,,,,,,,,,,,
246,2933,,フル２線設定見積もり,パナソニック株式会社エコソリューションズ社,首都圏電材営業所,上田,,松藤,,,2,■,,,,,御世話になっております。,平成,29,1,11,03-6218-1411,,瑞貴,,,,,,,,,,,,,,,,,,,
247,2934,,新富久ビル　照明制御追加調整お見積り,小島電機工業(株),世田谷営業所,菅原,,勅使河原,,,,,,,,,毎度お世話になります。(有)零電社　勅使河原です。,平成,29,1,16,03-3439-6252,,,,,,,,,,,,,,,,,,,東京都世田谷区弦巻4-34-23,,154-0016
248,2935,,制作依頼（晴海トリトンZ棟）,ソウブ電商（株）,,三島,,花田,,,2,,,,,,お世話になっております。,平成,29,1,23,0489-56-3803,,,,,,,,,,,,,,,,,,,埼玉県三郷市戸ケ崎２－７８４,,341-0044
249,2936,,名称板製作,梅崎機械彫刻所,,梅崎,,木村,,,2,,,,,,毎度お世話になっております。,平成,29,1,31,047-387-8575,,社長,,,,,,,,,,,,,,,,,千葉県松戸市高柳新田１１１－４,,270-2201
250,2937,,1月末〆合計明細書,パナソニック㈱エコソリューションズ社,東部経理ｾﾝﾀｰ　電材ｸﾞﾙｰﾌﾟ,経理ご担当者,,茂木,,,5,,,,,,いつもお世話になります。,平成,29,1,31,03-6218-1141,,,,,,,,,,,,,,,,,,,東京都港区東新橋１丁目５番１号,,105-8301
251,2938,,1月末〆合計明細書,パナソニック㈱エコソリューションズ社,東部経理ｾﾝﾀｰ　特機ｸﾞﾙｰﾌﾟ,神宮,,茂木,,,2,,,,,,いつもお世話になります。,平成,29,1,31,03-6218-1151,,,,,,,,,,,,,,,,,,,東京都港区東新橋１丁目５番１号,,105-8301
252,2939,,1月度　総括請求書　差替えのお願い,パナソニックＥＳエンジニアリング㈱,経営管理部,大江,,茂木,,,2,,,,,,お世話になっております。,平成,29,2,1,03-5564-7076,,,,,,,,,,,,,,,,,,,東京都江東区青海1-1-20,ﾀﾞｲﾊﾞｰｼﾃｨ東京ｵﾌｨｽﾀﾜｰ13階,135-0064
253,2940,,菅生小学校　照明制御,杉本電機産業(株),多摩営業所,猪狩,,壁谷,,,2,,,,,,お世話になっております。零電社　壁谷です。,平成,29,2,16,044-977-0450,,,,,,,,,,,,,,,,,,,神奈川県川崎市宮前区水沢3-1-19,,216-0012
254,2941,,名称板製作,梅崎機械彫刻所,,梅崎,,木村,,,2,,,,,,毎度お世話になっております。,平成,29,2,20,047-387-8575,,社長,,,,,,,,,,,,,,,,,千葉県松戸市高柳新田１１１－４,,270-2201
255,2942,,3月末〆合計明細書,パナソニック㈱エコソリューションズ社,東部経理ｾﾝﾀｰ　電材ｸﾞﾙｰﾌﾟ,経理ご担当者,,茂木,,,5,,,,,,いつもお世話になります。,平成,29,3,31,03-6218-1141,,,,,,,,,,,,,,,,,,,東京都港区東新橋１丁目５番１号,,105-8301
256,2943,,2月度　合計請求明細書,ミツワ電機 株式会社,業務管理部　会計ｸﾞﾙｰﾌﾟ,経理ご担当者,,茂木,,,2,,,,,,お世話になっております。,平成,29,3,1,03-3862-1186,,,,,,,,,,,,,,,,,,,東京都中央区東日本橋2-26-3　本館2F,,103-0004
257,2944,,2月度　総括請求書,パナソニックＥＳエンジニアリング㈱,経営管理部,大江,,茂木,,,2,,,,,,お世話になっております。,平成,29,3,1,03-5564-7076,,,,,,,,,,,,,,,,,,,東京都江東区青海1-1-20,ﾀﾞｲﾊﾞｰｼﾃｨ東京ｵﾌｨｽﾀﾜｰ13階,135-0064
258,2945,,北区立昭和町区民センター 御見積書,田中商事株式会社,王子営業所,斉藤,,松藤,,,3,■,,,,,お世話になっております。零電社　松藤です。,平成,29,3,1,03-5959-3245,,,,,,,,,,,,,,,,,,,,,
259,2946,,北区立昭和町区民センター 御見積書,田中商事株式会社,王子営業所,斉藤,,山下,,,2,■,,,,,お世話になっております。零電社　山下です。,平成,29,3,9,03-5959-3245,,,,,,,,,,,,,,,,,,,,,
260,2948,,部材発送のお知らせ,（株）関電工,東関東営業本部　千葉支社　松戸内線営業所（浦安事務所）,佐藤,,井上,,,2,,,,,件名:TDS CEP,お世話になっております。,平成,29,3,13,047-381-9730,,,,,,,,,,,,,,,,,,,東京都江東区青海1-1-20,ﾀﾞｲﾊﾞｰｼﾃｨ東京ｵﾌｨｽﾀﾜｰ13階,135-0064
261,2949,,手配と納期回答をお願いします。,パナソニックエコソリューションズ電路㈱,電設盤事業推進ｸﾞﾙｰﾌﾟ　電設盤生産管理ﾁｰﾑ,柴田,,井上,,,3,,,,,１課　在庫,いつも大変お世話になっております。,平成,29,3,22,0561-54-7620,,,,,,,,,,,,,,,,,,,愛知県尾張旭市三郷町角田１１２３,,488-0012
262,2950,,御見積書送付,パナソニック電材システム株式会社,東京中央営業所,渡部,,松藤,,,2,,,,,,御世話になっています。,平成,29,4,3,03-5608-7193,,主事,,,,,,,,,,,,,,,,,,,
263,2951,,右田病院　照明制御,株式会社エイト,,戸出,,花田,,,1,,,,,,資料を確認しました。,平成,29,4,3,042-633-9123,,,,,,,,,,,,,,,,,,,,,
264,2952,,某六本木マンション,パナソニック㈱エコソリューションズ社,東京中央電材営業所,坂井,,壁谷,,,2,,,,,,お世話になっております。,平成,29,4,7,03-6218-1401,,,,,,,,,,,,,,,,,,,東京都港区東新橋１丁目５番１号,,105-8301
265,2953,,総括請求書,パナソニック電材システム㈱,経理部　債権管理課,田島,,茂木,,,2,,,,,,いつもお世話になっております。,平成,29,4,20,03-3621-1225,,,,,,,,,,,,,,,,,,,東京都墨田区太平１－２６－２,,130-0012
266,2954,,名称板製作,梅崎機械彫刻所,,梅崎,,木村,,,2,,,,,,毎度お世話になっております。,平成,29,4,24,047-387-8575,,社長,,,,,,,,,,,,,,,,,千葉県松戸市高柳新田１１１－４,,270-2201
267,2955,,4月末〆合計明細書,パナソニック㈱エコソリューションズ社,東部経理ｾﾝﾀｰ　電材ｸﾞﾙｰﾌﾟ,経理ご担当者,,茂木,,,3,,,,,,いつもお世話になります。,平成,29,4,28,03-6218-1141,,,,,,,,,,,,,,,,,,,東京都港区東新橋１丁目５番１号,,105-8301
268,2956,,4月末〆合計明細書,パナソニック㈱エコソリューションズ社,東部経理ｾﾝﾀｰ　特機ｸﾞﾙｰﾌﾟ,神宮,,茂木,,,2,,,,,,いつもお世話になります。,平成,29,4,28,03-6218-1151,,,,,,,,,,,,,,,,,,,東京都港区東新橋１丁目５番１号,,105-8301
269,2957,,【No.49692】納期回答をお願い致します。,パナソニックエコソリューションズ電路㈱,電設盤事業推進ｸﾞﾙｰﾌﾟ　電設盤生産管理ﾁｰﾑ,柴田,,井上,,,2,,,,,,いつも大変お世話になっております。,平成,29,5,8,0561-54-7620,,,,,,,,,,,,,,,,,,,東京都港区芝４－８－２,,108-6290
270,2958,,見積依頼,ソウブ電商（株）,,三島,,花田,,,2,,,,,,お世話になっております。,平成,28,5,8,0489-56-3803,,,,,,,,,,,,,,,,,,,埼玉県三郷市戸ケ崎２－７８４,,341-0044
271,2960,,【No.49700～49705】御見積返答をお願い致します。,パナソニックエコソリューションズ電路㈱,電設盤事業推進ｸﾞﾙｰﾌﾟ　電設盤生産管理ﾁｰﾑ,柴田,,井上,,,7,,■,■,,,いつも大変お世話になっております。,平成,29,5,15,0561-54-7620,,,,,,,,,,,,,,,,,,,東京都港区芝４－８－２,,108-6290
272,2961,,御見積書送付,株式会社松尾商行,旭営業所,土居,,松藤,,,2,,,,,,御世話になっています。,平成,29,5,15,045-364-0010,,,,,,,,,,,,,,,,,,,,,
273,2962,,見積依頼,(株)扇港電機,関東電材営業部,平田,,井上,,,4,,,■,,,いつも大変お世話になっております。,平成,29,5,16,043-257-4530,,課長,,,,,,,,,,,,,,,,,千葉県千葉市花見川区作新台4-13-12,,262-0045
274,2963,,お振込先,ヤマト電機㈱,,赤池,,茂木,,,1,,,,,,お世話になっております。,平成,29,5,24,03-3970-6430,,,,,,,,,,,,,,,,,,,,,
275,2964,,5月末〆合計明細書,パナソニック㈱エコソリューションズ社,東部経理ｾﾝﾀｰ　電材ｸﾞﾙｰﾌﾟ,経理ご担当者,,茂木,,,4,,,,,,いつもお世話になります。,平成,29,5,31,03-6218-1141,,,,,,,,,,,,,,,,,,,東京都港区東新橋１丁目５番１号,,105-8301
276,2965,,ｶﾝﾀｯﾁﾌﾞﾚｰｶE付ｻｰﾋﾞｽ松盤会社現場改造講習会,パナソニックエコソリューションズ電路㈱,電設盤事業推進部　電設盤件名推進課,岡田,,木村,,,2,■,,,,,いつも大変お世話になっております。,平成,29,6,5,0561-51-4990,,課長,,,,,,,,,,,,,,,,,愛知県尾張旭市三郷町角田１１２３番地,,488-0012
277,2966,,【AHJ3821(HJ2-SFD 端子台)】について,パナソニックエコソリューションズ電路㈱,電設盤事業推進ｸﾞﾙｰﾌﾟ　電設盤生産管理ﾁｰﾑ,柴田,,井上,,,1,,,,,,いつも大変お世話になっております。（有）零電社　井上です。,平成,29,6,8,0561-52-5130,,,,,,,,,,,,,,,,,,,東京都港区芝４－８－２,,108-6290
278,2967,,見積依頼,(株)扇港電機,関東電材営業部,平田,,井上,,,5,,,■,,件名なし,いつも大変お世話になっております。,平成,29,6,13,043-257-4530,,課長,,,,,,,,,,,,,,,,,千葉県千葉市花見川区作新台4-13-12,,262-0045
279,2968,,見積依頼,㈱タカノスマイル,松戸営業所,国分,,井上,,,5,,,■,,件名なし,いつも大変お世話になっております。,平成,29,6,13,047-364-2132,,,,,,,,,,,,,,,,,,,千葉県松戸市上本郷2-4592-2,,271-0064
280,2969,,ＮＴＡ日本橋ビル　１Ｆ点滅変更工事,小島電機工業株式会社,杉並営業所,東,,壁谷,,,2,,,,,,お世話になっております。零電社　壁谷です。,平成,30,2,20,03-3335-4959,,,,,,,,,,,,,,,,,,,千葉県松戸市上本郷2-4592-2,,271-0064
281,2970,,「配送料金見直しの御見積書」の件について,ヤマト運輸（株）,船橋主管支店　松戸三ヶ月センター,花島,,井上,,,2,,,,,,いつもお世話になっております。,平成,29,6,22,047-348-9050,,,,,,,,,,,,,,,,,,,,,
282,2971,,Ａプロジェクト　建築・設備工事,パナソニック株式会社エコソリューションズ社,東京中央電材営業所,坂井,,松藤,,,2,,,,,,いつもお世話になっております。,平成,29,6,23,03-6218-1401,,,,,,,,,,,,,,,,,,,,,
283,2972,,制作依頼,ソウブ電商（株）,,三島,,花田,,,2,,,,,,お世話になっております。,平成,28,6,23,0489-56-3803,,,,,,,,,,,,,,,,,,,埼玉県三郷市戸ケ崎２－７８４,,341-0044
284,2973,,6月末〆合計明細書,パナソニック㈱エコソリューションズ社,東部経理ｾﾝﾀｰ　電材ｸﾞﾙｰﾌﾟ,経理ご担当者,,茂木,,,4,,,,,,いつもお世話になります。,平成,29,6,30,03-6218-1141,,,,,,,,,,,,,,,,,,,東京都港区東新橋１丁目５番１号,,105-8301
285,2974,,6月末〆合計明細書,パナソニック㈱エコソリューションズ社,東部経理ｾﾝﾀｰ　特機ｸﾞﾙｰﾌﾟ,神宮,,茂木,,,2,,,,,,いつもお世話になります。,平成,29,6,30,03-6218-1151,,,,,,,,,,,,,,,,,,,東京都港区東新橋１丁目５番１号,,105-8301
286,2975,,6月度　合計請求明細書　差替えのお願い,ミツワ電機 株式会社,業務管理部　会計ｸﾞﾙｰﾌﾟ,経理ご担当者,,茂木,,,4,,,,,,お世話になっております。,平成,29,7,3,03-3862-1186,,,,,,,,,,,,,,,,,,,東京都中央区東日本橋2-26-3　本館2F,,103-0004
287,2976,,リモコンリレー設定御見積りの件,パナソニック（株）エコソリューションズ社,多摩営業所,吉川,,壁谷,,,2,,,,,,お世話になっております。零電社　壁谷です。,平成,29,7,25,042-537-6671,,,,,,,,,,,,,,,,,,,東京都中央区東日本橋2-26-3　本館2F,,103-0004
288,2977,,リモコンリレー設定御見積りの件,パナソニック（株）エコソリューションズ社,多摩営業所,吉川,,壁谷,,,2,,,,,,お世話になっております。零電社　壁谷です。,平成,29,7,25,042-537-6671,,,,,,,,,,,,,,,,,,,東京都中央区東日本橋2-26-3　本館2F,,103-0004
289,2978,,振込口座の件,杉本電機産業(株),立川営業所,中野,,茂木,,,1,,,,,,お世話になっております。,平成,29,7,27,042-548-1760,,,,,,,,,,,,,,,,,,,東京都立川市高松町1-17-26,,190-0011
290,2997,,7月末〆合計明細書,パナソニック㈱エコソリューションズ社,東部経理ｾﾝﾀｰ　電材ｸﾞﾙｰﾌﾟ,経理ご担当者,,茂木,,,3,,,,,,いつもお世話になります。,平成,29,7,31,03-6218-1141,,,,,,,,,,,,,,,,,,,東京都港区東新橋１丁目５番１号,,105-8301
291,2998,,ＮＴＡ日本橋ビル,小島電機工業株式会社,杉並営業所,東,,壁谷,,,3,,,,,,お世話になっております。零電社　壁谷です。,平成,29,7,31,03-3335-4959,,,,,,,,,,,,,,,,,,,千葉県松戸市上本郷2-4592-2,,271-0064
292,2999,,日野税務署　フル２線設定見積りの件,パナソニック株式会社エコソリューションズ社,東京中央電材営業所,永戸,,山下,,,2,■,,,,,お世話になっております。零電社　山下です。,平成,29,7,31,03-6218-1401,,,,,,,,,,,,,,,,,,,東京都港区東新橋１丁目５番１号,パナソニック東京汐留ビル20F,105-8301
293,3000,,西日本トランクルーム　フル２線設定見積りの件,パナソニック株式会社エコソリューションズ社,横浜電材営業所,遠藤課長,,山下,,,2,■,,,,,お世話になっております。零電社　山下です。,平成,29,8,28,045-522-1009,,,,,,,,,,,,,,,,,,,東京都港区東新橋１丁目５番１号,パナソニック東京汐留ビル20F,105-8301
294,3001,,見積り依頼,ソウブ電商（株）,,田所,,勅使河原,,,2,,,,,,お世話になっております。,平成,29,8,30,0489-56-3803,,,,,,,,,,,,,,,,,,,埼玉県三郷市戸ケ崎２－７８４,,341-0044
295,3002,,8月末〆合計明細書,パナソニック㈱エコソリューションズ社,東部経理ｾﾝﾀｰ　電材ｸﾞﾙｰﾌﾟ,経理ご担当者,,茂木,,,3,,,,,,いつもお世話になります。,平成,29,8,31,03-6218-1141,,,,,,,,,,,,,,,,,,,東京都港区東新橋１丁目５番１号,,105-8301
296,3024,,8月度　総括請求書　,パナソニックＥＳエンジニアリング㈱,経営管理部,大江,,茂木,,,2,,,,,,お世話になっております。,平成,29,9,1,03-5564-7076,,,,,,,,,,,,,,,,,,,東京都江東区青海1-1-20,ﾀﾞｲﾊﾞｰｼﾃｨ東京ｵﾌｨｽﾀﾜｰ13階,135-0064
297,3035,,ニトリモール作業届け,株式会社ニトリホールディングス,店舗開発部　ニトリモール相模原,豊川,,勅使河原,,,2,,,,,,毎度お世話になります。勅使河原です。,平成,29,9,1,042-704-5820,,館長,,,,,,,,,,,,,,,,,,,
298,3036,,ヤマト電機長友様　フル２線設定見積りの件,パナソニック株式会社エコソリューションズ社,横浜電材営業所,原,,山下,,,2,■,,,,,お世話になっております。零電社　山下です。,平成,29,8,28,045-522-1009,,,,,,,,,,,,,,,,,,,東京都港区東新橋１丁目５番１号,パナソニック東京汐留ビル20F,105-8301
299,3037,,横浜支店　第二有楽ビル　フル２線設定見積りの件,ヤマト電機株式会社,横浜営業所,長友,,山下,,,2,■,,,,,お世話になっております。零電社　山下です。,平成,29,9,11,045-316-6196,,,,,,,,,,,,,,,,,,,東京都港区東新橋１丁目５番１号,パナソニック東京汐留ビル20F,105-8301
300,3038,,保善高等学校　リモコンスイッチ交換設定見積りの件,パナソニック電材システム株式会社,法人営業部　ファシリティ課,西村,,山下,,,2,■,,,,,お世話になっております。零電社　山下です。,平成,29,9,19,03-3621-1240,,,,,,,,,,,,,,,,,,,東京都港区東新橋１丁目５番１号,パナソニック東京汐留ビル20F,105-8301
301,3039,,ＪＰＲ千駄ヶ谷,小島電機工業株式会社,杉並営業所,東,,壁谷,,,2,,,,,,お世話になっております。零電社　壁谷です。,平成,29,9,20,03-3335-4959,,,,,,,,,,,,,,,,,,,千葉県松戸市上本郷2-4592-2,,271-0064
302,3040,,9月末〆合計明細書,パナソニック㈱エコソリューションズ社,東部経理ｾﾝﾀｰ　電材ｸﾞﾙｰﾌﾟ,経理ご担当者,,茂木,,,4,,,,,,いつもお世話になります。,平成,29,9,29,03-6218-1141,,,,,,,,,,,,,,,,,,,東京都港区東新橋１丁目５番１号,,105-8301
303,3041,,9月末〆合計明細書,パナソニック㈱エコソリューションズ社,東部経理ｾﾝﾀｰ　特機ｸﾞﾙｰﾌﾟ,神宮,,茂木,,,2,,,,,,いつもお世話になります。,平成,29,9,29,03-6218-1151,,,,,,,,,,,,,,,,,,,東京都港区東新橋１丁目５番１号,,105-8301
304,3042,,9月分　総括請求書　差替えのお願い,パナソニックＥＳエンジニアリング㈱,経営管理部,青木,,茂木,,,2,,,,,,お世話になっております。,平成,29,10,2,03-5564-7076,,,,,,,,,,,,,,,,,,,東京都江東区青海1-1-20,ﾀﾞｲﾊﾞｰｼﾃｨ東京ｵﾌｨｽﾀﾜｰ13階,135-0064
305,3043,,件名：丸の内ﾊﾟｰｸﾋﾞﾙﾃﾞｨﾝｸﾞ　15階,パナソニック電工（株）電材分社,東京電設営業所照明グループ,藤田,,井上,,,1,,,,,,お世話になっております。,平成,29,10,13,03-6218-1571,,,,,,,,,,,,,,,,,,,東京都江東区青海1-1-20,ﾀﾞｲﾊﾞｰｼﾃｨ東京ｵﾌｨｽﾀﾜｰ13階,135-0064
306,3044,,件名：東京国際空港　,梅崎機械彫刻所,,梅崎,,井上,,,2,,,,,,いつも大変お世話になっております。,平成,29,10,18,,,社長,,,,,,,,,,,,,,,,,千葉県松戸市高柳新田１１１－４,,270-2201
307,3045,,【作成お願い致します。】件名：東京国際空港,ソウブ電商（株）,,田所,,井上,,,2,,■,■,,,いつも大変お世話になっております。,平成,29,10,18,,,,,,,,,,,,,,,,,,,,千葉県松戸市高柳新田１１１－４,,270-2201
308,3046,,【作成お願い致します。】件名：丸の内北口ﾋﾞﾙ,ソウブ電商（株）,,田所,,井上,,,2,,,■,,,いつも大変お世話になっております。,平成,29,10,30,,,,,,,,,,,,,,,,,,,,千葉県松戸市高柳新田１１１－４,,270-2201
309,3047,,　フル２線設定見積りの件,ヤマト電機株式会社,横浜営業所,長友,,山下,,,2,■,,,,,お世話になっております。零電社　山下です。,平成,29,9,11,045-316-6196,,,,,,,,,,,,,,,,,,,東京都港区東新橋１丁目５番１号,パナソニック東京汐留ビル20F,105-8301
310,3048,,10月末〆合計明細書,パナソニック㈱エコソリューションズ社,東部経理ｾﾝﾀｰ　特機ｸﾞﾙｰﾌﾟ,神宮,,茂木,,,2,,,,,,いつもお世話になります。,平成,29,10,31,03-6218-1151,,,,,,,,,,,,,,,,,,,東京都港区東新橋１丁目５番１号,,105-8301
311,3049,,10月末〆合計明細書,パナソニック㈱エコソリューションズ社,東部経理ｾﾝﾀｰ　電材ｸﾞﾙｰﾌﾟ,経理ご担当者,,茂木,,,4,,,,,,いつもお世話になります。,平成,29,10,31,03-6218-1141,,,,,,,,,,,,,,,,,,,東京都港区東新橋１丁目５番１号,,105-8301
312,3050,,10月分　総括請求書　,パナソニックＥＳエンジニアリング㈱,経営管理部,青木,,茂木,,,2,,,,,,お世話になっております。,平成,29,11,1,03-5564-7076,,,,,,,,,,,,,,,,,,,東京都江東区青海1-1-20,ﾀﾞｲﾊﾞｰｼﾃｨ東京ｵﾌｨｽﾀﾜｰ13階,135-0064
313,3051,,建設産廃物処理委託契約書,高俊興業(株),,広瀬,,茂木,,,5,,,,,,いつもお世話になっております。,平成,29,11,2,047-399-5362,,,,,,,,,,,,,,,,,,,,,
314,3052,,フル２線　ホテルの件名,ミツワ電機 株式会社,特機第二営業部　第六営業所,竹田,,松藤,,,1,,,,,,有限会社零電社の松藤です。,平成,29,11,2,043-244-4383,,課長,,,,,,,,,,,,,,,,,千葉県千葉市稲毛区稲毛1-13-14,,263-0034
315,3053,,神奈川大学　新国際学生寮,パナソニックエコソリューションズ社,横浜電材営業所,松田,,壁谷,,,7,,,,,,お世話になっております。零電社　壁谷です。,平成,29,11,21,045-522-1009,,,,,,,,,,,,,,,,,,,千葉県千葉市稲毛区稲毛1-13-14,,263-0034
316,3054,,神奈川大学　新国際学生寮,パナソニックエコソリューションズ社,横浜電材営業所,松田,,壁谷,,,1,,,,,,お世話になっております。零電社　壁谷です。,平成,29,11,21,045-522-1009,,,,,,,,,,,,,,,,,,,千葉県千葉市稲毛区稲毛1-13-14,,263-0034
317,3055,,11月末〆合計明細書,パナソニック㈱エコソリューションズ社,東部経理ｾﾝﾀｰ　電材ｸﾞﾙｰﾌﾟ,経理ご担当者,,茂木,,,4,,,,,,いつもお世話になります。,平成,29,11,30,03-6218-1141,,,,,,,,,,,,,,,,,,,東京都港区東新橋１丁目５番１号,,105-8301
318,3056,,11月分　総括請求書　,パナソニックＥＳエンジニアリング㈱,経営管理部,青木,,茂木,,,2,,,,,,お世話になっております。,平成,29,12,1,03-5564-7076,,,,,,,,,,,,,,,,,,,東京都江東区青海1-1-20,ﾀﾞｲﾊﾞｰｼﾃｨ東京ｵﾌｨｽﾀﾜｰ13階,135-0064
319,3057,,天津わかしお学校エネルギーモニターの調整,,ヤマト電機株式会社,北営業所 ,,,,,,,,,,,世話になります。(有)零電社　勅使河原　です。,平成,29,12,1,03-3905-7778,,鈴木 所長,,,,,,,,,,,,,,,,,,,
320,3058,,見積り依頼,ソウブ電商（株）,,田所,,勅使河原,,,2,,,,,,お世話になっております。,平成,29,12,6,0489-56-3803,,,,,,,,,,,,,,,,,,,埼玉県三郷市戸ケ崎２－７８４,,341-0044
321,3059,,　南柏ダンロップ様フル２線機器交換設定見積りの件,トシン電機㈱,,加藤,,山下,,,3,■,,,,,いつもお世話になっております。零電社　山下です。,平成,29,9,11,046-223-8651,,,,,,,,,,,,,,,,,,,東京都港区東新橋１丁目５番１号,パナソニック東京汐留ビル20F,105-8301
322,3060,,12月末〆合計明細書,パナソニック㈱エコソリューションズ社,東部経理ｾﾝﾀｰ　電材ｸﾞﾙｰﾌﾟ,経理ご担当者,,茂木,,,4,,,,,,いつもお世話になります。,平成,29,12,28,03-6218-1141,,,,,,,,,,,,,,,,,,,東京都港区東新橋１丁目５番１号,,105-8301
323,3061,,12月末〆合計明細書,パナソニック㈱エコソリューションズ社,東部経理ｾﾝﾀｰ　特機ｸﾞﾙｰﾌﾟ,神宮,,茂木,,,2,,,,,,いつもお世話になります。,平成,29,12,28,03-6218-1151,,,,,,,,,,,,,,,,,,,東京都港区東新橋１丁目５番１号,,105-8301
324,3062,,1月末〆合計明細書,パナソニック㈱エコソリューションズ社,東部経理ｾﾝﾀｰ　特機ｸﾞﾙｰﾌﾟ,神宮,,茂木,,,2,,,,,,いつもお世話になります。,平成,30,1,31,03-6218-1151,,,,,,,,,,,,,,,,,,,東京都港区東新橋１丁目５番１号,,105-8301
325,3063,,1月末〆合計明細書,パナソニック㈱エコソリューションズ社,東部経理ｾﾝﾀｰ　電材ｸﾞﾙｰﾌﾟ,経理ご担当者,,茂木,,,1,,,,,,いつもお世話になります。,平成,30,1,31,03-6218-1141,,,,,,,,,,,,,,,,,,,東京都港区東新橋１丁目５番１号,,105-8301
326,3064,,名称板製作,梅崎機械彫刻所,,梅崎,,木村,,,1,,,,,,毎度お世話になっております。,平成,30,2,15,047-387-8575,,社長,,,,,,,,,,,,,,,,,千葉県松戸市高柳新田１１１－４,,270-2201
327,3065,,日本大学総合体育館 リモコンスイッチ設定,杉本電機産業株式会社,大和町田営業所,ｺｸﾞﾚ,,松藤,,,2,,,,,,御世話になっております。,平成,30,2,20,042-788-7556,,,,,,,,,,,,,,,,,,,,,
328,3066,,東村山駅　作業員名簿,日本電設工業㈱,,鶴羽,,茂木,,,2,,,,,,お世話になっております。,平成,30,2,26,03-5744-3753,,,,,,,,,,,,,,,,,,,,,
329,3067,,青梅消防署・馬橋児童館学童クラブ,パナソニック㈱エコソリューションズ社,多摩電材営業所　営業２課,平林,,壁谷,,,3,,,,,,お世話になっております。零電社　壁谷です。,平成,30,2,26,042-537-6671,,,,,,,,,,,,,,,,,,,東京都立川市栄町6丁目1番地,立飛ﾋﾞﾙ7号館　5F,190-0003
330,3068,,2月末〆合計明細書,パナソニック㈱エコソリューションズ社,東部経理ｾﾝﾀｰ　電材ｸﾞﾙｰﾌﾟ,経理ご担当者,,茂木,,,4,,,,,,いつもお世話になります。,平成,30,2,28,03-6218-1141,,,,,,,,,,,,,,,,,,,東京都港区東新橋１丁目５番１号,,105-8301
331,3070,,2月分　総括請求書　,パナソニックＥＳエンジニアリング㈱,経営管理部,青木,,茂木,,,2,,,,,,お世話になっております。,平成,30,3,1,03-5564-7076,,,,,,,,,,,,,,,,,,,東京都江東区青海1-1-20,ﾀﾞｲﾊﾞｰｼﾃｨ東京ｵﾌｨｽﾀﾜｰ13階,135-0064
332,3071,,厚木市立鳶尾小学校スイッチ設定,ミツワ電機株式会社,横浜営業所,角田,,勅使河原,,,2,,,,,,毎度お世話になります。,平成,30,3,8,045-277-4705,,,,,,,,,,,,,,,,,,,,,
333,3072,,厚木市立鳶尾小学校スイッチ設定,ミツワ電機株式会社,横浜営業所,角田,,勅使河原,,,2,,,,,,毎度お世話になります。,平成,30,3,20,045-277-4705,,,,,,,,,,,,,,,,,,,,,
334,3073,,（仮称）丸の内3-2計画,株式会社　関電工,,清水,,井上,,,3,,,,,,いつも大変お世話になっております。,平成,30,3,22,03-3215-2140,,,,,,,,,,,,,,,,,,,,,
335,3074,,フル２線御見積もりの件,杉本電機産業(株),立川営業所,真住,,壁谷,,,2,,,,,,お世話になっております。零電社　壁谷です。,平成,30,3,23,042-548-1760,,,,,,,,,,,,,,,,,,,東京都立川市高松町1-17-26,,190-0011
336,3075,,新電元メカトロニクス㈱茜台倉庫　新築工事,パナソニック㈱エコソリューションズ社,多摩電材営業所　営業２課,平林,,山下,,,2,,,,,,お世話になっております。零電社　山下和です。,平成,30,2,26,042-537-6671,,,,,,,,,,,,,,,,,,,東京都立川市栄町6丁目1番地,立飛ﾋﾞﾙ7号館　5F,190-0003
337,3076,,錦糸町プライムタワー１４階の件,パナソニック（株）エコソリューションズ社,首都電材圏営業所,沖原,,,,,,,,,,,錦糸町プライムタワー１４階の件のお見積りです。,平成,,,,03-6218-1411,,,,,,,,,,,,,,,,,,,東京都港区東新橋１丁目５番１号,,105-8301
338,3077,,3月末〆合計明細書,パナソニック㈱エコソリューションズ社,東部経理ｾﾝﾀｰ　電材ｸﾞﾙｰﾌﾟ,経理ご担当者,,茂木,,,4,,,,,,いつもお世話になります。,平成,30,3,30,03-6218-1141,,,,,,,,,,,,,,,,,,,東京都港区東新橋１丁目５番１号,,105-8301
339,3078,,3月末〆合計明細書,パナソニック㈱エコソリューションズ社,東部経理ｾﾝﾀｰ　特機ｸﾞﾙｰﾌﾟ,神宮,,茂木,,,2,,,,,,いつもお世話になります。,平成,30,3,30,03-6218-1151,,,,,,,,,,,,,,,,,,,東京都港区東新橋１丁目５番１号,,105-8301
340,3079,,3月分　合計請求明細書,新和照明株式会社,エンジニアリング部,佐藤　,,茂木,,,2,,,,,,いつもお世話になっております。,平成,30,4,2,03-3842-3774,,部長,,,,,,,,,,,,,,,,,東京都台東区東上野6-7-13,,110-0015
341,3080,,3月分　総括請求書　,パナソニックＥＳエンジニアリング㈱,経営管理部,青木,,茂木,,,2,,,,,,お世話になっております。,平成,30,4,1,03-5564-7076,,,,,,,,,,,,,,,,,,,東京都江東区青海1-1-20,ﾀﾞｲﾊﾞｰｼﾃｨ東京ｵﾌｨｽﾀﾜｰ13階,135-0064
342,3081,,フル２線御見積もりの件,杉本電機産業(株),立川営業所,真住,,松藤,,,2,,,,,,お世話になっております。零電社　松藤です。,平成,30,4,4,042-548-1760,,,,,,,,,,,,,,,,,,,東京都立川市高松町1-17-26,,190-0011
343,3082,,大森パークビル７階入居工事の件,神田電業株式会社,営業部,鵜飼,,壁谷,,,2,,,,,,お世話になっております。零電社　壁谷です。,平成,30,4,5,03-3256-2966,,,,,,,,,,,,,,,,,,,,,
344,3083,,一番町3階PGF生命保険様 レイアウト変更工事,ニシムラ(株),東京南営業所,橘,,松藤,,,2,,,,,,御世話になっております。,平成,30,4,6,03-5714-0822,,,,,,,,,,,,,,,,,,,東京都大田区東六郷１－２８－１３,,144-0046
345,3084,,見積り依頼,ソウブ電商（株）,,田所,,勅使河原,,,2,,,,,,お世話になっております。,平成,30,4,17,0489-56-3803,,,,,,,,,,,,,,,,,,,埼玉県三郷市戸ケ崎２－７８４,,341-0044
346,3086,,4月末〆合計明細書,パナソニック㈱エコソリューションズ社,東部経理ｾﾝﾀｰ　電材ｸﾞﾙｰﾌﾟ,経理ご担当者,,茂木,,,5,,,,,,いつもお世話になります。,平成,30,4,27,03-6218-1141,,,,,,,,,,,,,,,,,,,東京都港区東新橋１丁目５番１号,,105-8301
347,3087,,タカノフェア　納期回答依頼,㈱タカノスマイル,松戸営業所,国分,,茂木,,,1,,,,,,お世話になります。,平成,30,5,10,047-364-2132,,,,,,,,,,,,,,,,,,,千葉県松戸市上本郷2-4592-2,,271-0064
348,3088,,御見積もり依頼の件,パナソニック株式会社エコソリューションズ社,多摩電材営業所,吉川,,勅使河原,,,2,,,,,,パナソニック株式会社エコソリューションズ社,平成,30,5,17,,,,,,,,,,,,,,,,,,,,,,
349,3089,,№19839　亜細亜大学　お見積書,パナソニックESエンジニアリング(株),東京本部　建設業品質管理課,白坂,,茂木,,,2,,,,,,お世話になっております。,平成,30,5,30,03-5564-7077,,,,,,,,,,,,,,,,,,,,,
350,3090,,5月末〆合計明細書,パナソニック㈱エコソリューションズ社,東部経理ｾﾝﾀｰ　電材ｸﾞﾙｰﾌﾟ,経理ご担当者,,茂木,,,3,,,,,,いつもお世話になります。,平成,30,5,31,03-6218-1141,,,,,,,,,,,,,,,,,,,東京都港区東新橋１丁目５番１号,,105-8301
351,3091,,5月末〆合計明細書,パナソニック㈱エコソリューションズ社,東部経理ｾﾝﾀｰ　特機ｸﾞﾙｰﾌﾟ,神宮,,茂木,,,2,,,,,,いつもお世話になります。,平成,30,5,31,03-6218-1151,,,,,,,,,,,,,,,,,,,東京都港区東新橋１丁目５番１号,,105-8301
352,3092,,日本橋二丁目C街区（No.37618）事後見積書,パナソニック(株)エコソリューションズ社,東京電設営業所　盤営業課,柳田,,井上,,,23,,,,,,いつも大変お世話になっております。,平成,30,6,13,03-6218-1571,,課長,,,,,,,,,,,,,,,,,東京都港区東新橋１丁目５番１号,ﾊﾟﾅｿﾆｯｸ東京汐留ﾋﾞﾙ22階,105-8301
353,3093,,大手町二丁目Ｂ棟(扉・内器不具合),パナソニック㈱エコソリューションズ社,東京電設営業所　電設盤営業課,高橋,,浮ヶ谷,,,5,,,,,,いつもお世話になっております。,平成,30,6,13,03-6218-1561,,,,,,,,,,,,,,,,,,,東京都港区東新橋１丁目５番１号,汐留本社ビル22Ｆ,105-8301
354,3094,,日本橋二丁目C街区（No.37618）事後見積書,パナソニック（株）エコソリューションズ社,東京電設営業所　盤営業課,新城,,井上,,,23,,,,,,いつも大変お世話になっております。,平成,30,6,13,03-6218-1572,,,,,,,,,,,,,,,,,,,東京都港区東新橋１丁目５番１号,ﾊﾟﾅｿﾆｯｸ東京汐留ﾋﾞﾙ22階,105-8301
355,3095,,日本橋二丁目C街区（No.37618）事後見積書,パナソニック（株）エコソリューションズ社,ｴﾅｼﾞｰｼｽﾃﾑ事業部　情報商品営業部　盤推進ｸﾞﾙｰﾌﾟ,米本,,井上,,,23,,,,,,いつも大変お世話になっております。,平成,30,6,13,03-6218-1561,,主務,,,,,,,,,,,,,,,,,東京都港区東新橋１丁目５番１号,ﾊﾟﾅｿﾆｯｸ東京汐留ﾋﾞﾙ 22階,105-8301
356,3096,,フル２線調整依頼の件,パナソニック（株）エコソリューションズ社,横浜電材営業所,上永,,壁谷,,,1,,,,,,お世話になっております。零電社　壁谷です。,平成,30,6,25,045-522-1009,,,,,,,,,,,,,,,,,,,神奈川県横浜市神奈川区金港町2-6,横浜プラザビル3F,221-0056
357,3097,,6月末〆合計明細書,パナソニック㈱エコソリューションズ社,東部経理ｾﾝﾀｰ　特機ｸﾞﾙｰﾌﾟ,神宮,,茂木,,,2,,,,,,いつもお世話になります。,平成,30,6,29,03-6218-1151,,,,,,,,,,,,,,,,,,,東京都港区東新橋１丁目５番１号,,105-8301
358,3098,,6月末〆合計明細書,パナソニック㈱エコソリューションズ社,東部経理ｾﾝﾀｰ　電材ｸﾞﾙｰﾌﾟ,経理ご担当者,,茂木,,,2,,,,,,いつもお世話になります。,平成,30,6,29,03-6218-1141,,,,,,,,,,,,,,,,,,,東京都港区東新橋１丁目５番１号,,105-8301
359,3100,,専門学校・ケアハウス,前田電材株式会社,,前田,,勅使河原,,,1,,,,,,昨日はFAXいただき有難うございます。,平成,30,7,18,045-811-0704,,,,,,,,,,,,,,,,,,,神奈川県横浜市戸塚区秋葉町553-3,,245-0052
360,3099,,6月分　総括請求書　,パナソニックＥＳエンジニアリング㈱,経営管理部,青木,,茂木,,,2,,,,,,お世話になっております。,平成,30,7,2,03-5564-7076,,,,,,,,,,,,,,,,,,,東京都江東区青海1-1-20,ﾀﾞｲﾊﾞｰｼﾃｨ東京ｵﾌｨｽﾀﾜｰ13階,135-0064
361,3101,,※※※大至急　手配お願い致します。※※※,共立継器㈱,名古屋営業所,河合,,井上,,,3,,■,■,,1課　日本橋2-C（三機工業様分）,いつも大変お世話になっております。,平成,30,7,20,0568-82-4276,,,,,,,,,,,,,,,,,,,,,
362,3102,,7月末〆合計明細書,パナソニック㈱エコソリューションズ社,東部経理ｾﾝﾀｰ　電材ｸﾞﾙｰﾌﾟ,経理ご担当者,,茂木,,,3,,,,,,いつもお世話になります。,平成,30,7,31,03-6218-1141,,,,,,,,,,,,,,,,,,,東京都港区東新橋１丁目５番１号,,105-8301
363,3103,,7月末〆合計明細書,パナソニック㈱エコソリューションズ社,東部経理ｾﾝﾀｰ　特機ｸﾞﾙｰﾌﾟ,神宮,,茂木,,,2,,,,,,いつもお世話になります。,平成,30,7,31,03-6218-1151,,,,,,,,,,,,,,,,,,,東京都港区東新橋１丁目５番１号,,105-8301
364,3104,,8月度　合計請求明細書,日新電気照明株式会社,,経理ご担当者,,,,,2,,,,,,お世話になっております。,平成,30,8,21,03-3912-6224,,,,,,,,,,,,,,,,,,,東京都北区豊島1-31-4,,114-0003
365,3105,,八王子実践高校リモコンスイッチ交換工事,トシン電機（株）,八王子営業所,シブイ,,松藤,,,2,,,,,,お世話になっております。,平成,30,8,27,042-666-3070,,,,,,,,,,,,,,,,,,,東京都八王子市散田町5-8-16,,193-0832
366,3106,,日本橋クマヒラの件,パナソニック（株）エコソリューションズ社,首都圏営業所,小蓬,,勅使河原,,,,,,,,,クマヒラの件ですが、照明制御がMECS-LでパナソニックESエンジニアリング殿での,平成,30,8,29,048-826-2404,,,,,,,,,,,,,,,,,,,東京都港区東新橋１丁目５番１号,,105-8301
367,3107,,シギハラ電気ヤマギワ様からの御依頼の件,杉本電機産業株式会社,川崎営業所,国井,,松藤,,,2,,,,,,御世話になっております。,平成,30,8,29,044-211-4732,,,,,,,,,,,,,,,,,,,,,
368,3109,,荏田ラグビー場　照明制御調整,前田電材株式会社,,前田,,壁谷,,,2,■,,,,,お世話になっております。零電社　壁谷です。,平成,30,8,31,045-811-0704,,,,,,,,,,,,,,,,,,,千葉県松戸市上本郷2-4592-2,,271-0064
369,3110,,8月末〆合計明細書,パナソニック㈱エコソリューションズ社,東部経理ｾﾝﾀｰ　特機ｸﾞﾙｰﾌﾟ,神宮,,茂木,,,2,,,,,,いつもお世話になります。,平成,30,8,31,03-6218-1151,,,,,,,,,,,,,,,,,,,東京都港区東新橋１丁目５番１号,,105-8301
370,3111,,8月末〆合計明細書,パナソニック㈱エコソリューションズ社,東部経理ｾﾝﾀｰ　電材ｸﾞﾙｰﾌﾟ,経理ご担当者,,茂木,,,3,,,,,,いつもお世話になります。,平成,30,8,31,03-6218-1141,,,,,,,,,,,,,,,,,,,東京都港区東新橋１丁目５番１号,,105-8301
371,3112,,【ご請求書】20017　ＧＰタワー24階模様替工事,新和照明(株),,大垣,,茂木,,,2,,,,,,お世話になっております。,平成,30,8,31,03-3845-7101,,,,,,,,,,,,,,,,,,,,,
372,3113,,恵比寿ビル　４階点滅変更工事,小島電機工業株式会社,杉並営業所,東,,壁谷,,,2,,,,,,お世話になっております。零電社　壁谷です。,平成,30,9,13,03-3335-4959,,,,,,,,,,,,,,,,,,,千葉県松戸市上本郷2-4592-2,,271-0064
373,3114,,9月末〆合計明細書,パナソニック㈱エコソリューションズ社,東部経理ｾﾝﾀｰ　電材ｸﾞﾙｰﾌﾟ,経理ご担当者,,茂木,,,4,,,,,,いつもお世話になります。,平成,30,9,28,03-6218-1141,,,,,,,,,,,,,,,,,,,東京都港区東新橋１丁目５番１号,,105-8301
374,3115,,9月末〆合計明細書,パナソニック㈱エコソリューションズ社,東部経理ｾﾝﾀｰ　特機ｸﾞﾙｰﾌﾟ,神宮,,茂木,,,2,,,,,,いつもお世話になります。,平成,30,9,28,03-6218-1151,,,,,,,,,,,,,,,,,,,東京都港区東新橋１丁目５番１号,,105-8301
375,3116,,9月分　総括請求書　,パナソニックＥＳエンジニアリング㈱,経営管理部,青木,,茂木,,,2,,,,,,お世話になっております。,平成,30,10,1,03-5564-7076,,,,,,,,,,,,,,,,,,,東京都江東区青海1-1-20,ﾀﾞｲﾊﾞｰｼﾃｨ東京ｵﾌｨｽﾀﾜｰ13階,135-0064
376,3117,,御見積書の件,パナソニック㈱エコソリューションズ社,多摩電材営業所,平林,,松藤,,,2,,,,,,いつも御世話になっております。,平成,30,10,3,042-537-6671,,,,,,,,,,,,,,,,,,,東京都立川市栄町6丁目1番地,立飛ﾋﾞﾙ7号館　5F,190-0003
377,3118,,荷物引き取りの件,西濃運輸,松戸支店,,,井上,,,2,,,,,,いつも大変お世話になっております。,平成,30,10,12,047-366-1998,,,,,,,,,,,,,,,,,,,東京都立川市栄町6丁目1番地,立飛ﾋﾞﾙ7号館　5F,190-0003
378,3119,,作成依頼,梅崎機械彫刻所,,梅崎,,井上,,,2,,,,,,いつも大変お世話になっております。,平成,30,10,24,047-387-8575,,社長,,,,,,,,,,,,,,,,,千葉県松戸市六高台西10番地8,,270-2203
379,3120,,10月末〆合計明細書,パナソニック㈱エコソリューションズ社,東部経理ｾﾝﾀｰ　電材ｸﾞﾙｰﾌﾟ,経理ご担当者,,茂木,,,3,,,,,,いつもお世話になります。,平成,30,10,31,03-6218-1141,,,,,,,,,,,,,,,,,,,東京都港区東新橋１丁目５番１号,,105-8301
380,3121,,10月分　総括請求書　,パナソニックＥＳエンジニアリング㈱,経営管理部,青木,,茂木,,,2,,,,,,お世話になっております。,平成,30,11,1,03-5564-7076,,,,,,,,,,,,,,,,,,,東京都江東区青海1-1-20,ﾀﾞｲﾊﾞｰｼﾃｨ東京ｵﾌｨｽﾀﾜｰ13階,135-0064
381,3122,,銘版　作成依頼,梅崎機械彫刻所,,梅崎,,茂木,,,2,,,,,,いつも大変お世話になっております。,平成,30,,,047-387-8575,,社長,,,,,,,,,,,,,,,,,千葉県松戸市六高台西10番地8,,270-2203
382,3123,,東京国際空港　持ち込み工具の件,東光電気工事,,米良,,木村,,,4,,,,,,毎度お世話になっております。,平成,30,11,28,,,,,,,,,,,,,,,,,,,,,,
383,3124,,11月末〆合計明細書,パナソニック㈱エコソリューションズ社,東部経理ｾﾝﾀｰ　電材ｸﾞﾙｰﾌﾟ,経理ご担当者,,茂木,,,3,,,,,,いつもお世話になります。,平成,30,11,30,03-6218-1141,,,,,,,,,,,,,,,,,,,東京都港区東新橋１丁目５番１号,,105-8301
384,3125,,11月末〆合計明細書,パナソニック㈱エコソリューションズ社,東部経理ｾﾝﾀｰ　特機ｸﾞﾙｰﾌﾟ,神宮,,茂木,,,2,,,,,,いつもお世話になります。,平成,30,11,30,03-6218-1151,,,,,,,,,,,,,,,,,,,東京都港区東新橋１丁目５番１号,,105-8301
385,3126,,12月末〆合計明細書,パナソニック㈱エコソリューションズ社,東部経理ｾﾝﾀｰ　特機ｸﾞﾙｰﾌﾟ,神宮,,茂木,,,2,,,,,,いつもお世話になります。,平成,30,12,28,03-6218-1151,,,,,,,,,,,,,,,,,,,東京都港区東新橋１丁目５番１号,,105-8301
386,3127,,12月末〆合計明細書,パナソニック㈱エコソリューションズ社,東部経理ｾﾝﾀｰ　電材ｸﾞﾙｰﾌﾟ,経理ご担当者,,茂木,,,3,,,,,,いつもお世話になります。,平成,30,12,28,03-6218-1141,,,,,,,,,,,,,,,,,,,東京都港区東新橋１丁目５番１号,,105-8301
387,3129,,神田東松下町PJ,ミツワ電機㈱,積算センター,藤ヶ谷,,茂木,,,,,,,,,藤ヶ谷様,平成,31,1,8,03-3862-1183,,,,,,,,,,,,,,,,,,,,,
388,3130,,12月度　合計請求明細書　再発行の件,東和ライティング（株）,,経理ご担当者,,茂木,,,1,,,,,,お世話になっております。,平成,31,1,10,03-3422-3389,,,,,,,,,,,,,,,,,,,東京都世田谷区代田１－３０－１４,,155-0033
389,3131,,1月末〆合計明細書,パナソニック㈱エコソリューションズ社,東部経理ｾﾝﾀｰ　電材ｸﾞﾙｰﾌﾟ,経理ご担当者,,茂木,,,3,,,,,,いつもお世話になります。,平成,31,1,31,03-6218-1141,,,,,,,,,,,,,,,,,,,東京都港区東新橋１丁目５番１号,,105-8301
390,3132,,中山SCリニューアル工事に伴うタイマ設定修正,パナソニック㈱エコソリューションズ社,多摩電材営業所,平林,,松藤,,,2,■,,,,,御世話になっております。,平成,31,2,18,042-537-6671,,,,,,,,,,,,,,,,,,,東京都立川市栄町6丁目1番地,立飛ﾋﾞﾙ7号館　5F,190-0003
391,3133,,中山SCリニューアル工事に伴うタイマ設定修正,パナソニック㈱エコソリューションズ社,多摩電材営業所,平林,,松藤,,,2,■,,,,,御世話になっております。,平成,31,2,19,042-537-6671,,,,,,,,,,,,,,,,,,,東京都立川市栄町6丁目1番地,立飛ﾋﾞﾙ7号館　5F,190-0003
392,3134,,2月末〆合計明細書,パナソニック㈱エコソリューションズ社,東部経理ｾﾝﾀｰ　電材ｸﾞﾙｰﾌﾟ,経理ご担当者,,茂木,,,4,,,,,,いつもお世話になります。,平成,31,2,28,03-6218-1141,,,,,,,,,,,,,,,,,,,東京都港区東新橋１丁目５番１号,,105-8301
393,3135,,2月末〆合計明細書,パナソニック㈱エコソリューションズ社,東部経理ｾﾝﾀｰ　特機ｸﾞﾙｰﾌﾟ,神宮,,茂木,,,2,,,,,,いつもお世話になります。,平成,31,2,28,03-6218-1151,,,,,,,,,,,,,,,,,,,東京都港区東新橋１丁目５番１号,,105-8301
394,3136,,№20441　ご請求書,ミツワ電機㈱,,サカイ,,茂木,,,2,,,,,,お世話になっております。,平成,31,3,1,03-3862-1186,,,,,,,,,,,,,,,,,,,,,
395,3137,,【納品書】請求明細 差し替えのお願い,パナソニックＥＳエンジニアリング㈱,経営管理部,青木,,井上,,,2,,,,,,いつも大変お世話になっております。,平成,31,3,1,03-5564-7076,,,,,,,,,,,,,,,,,,,東京都江東区青海1-1-20,ﾀﾞｲﾊﾞｰｼﾃｨ東京ｵﾌｨｽﾀﾜｰ13階,135-0064
396,3138,,3月末〆合計明細書,パナソニック㈱エコソリューションズ社,東部経理ｾﾝﾀｰ　特機ｸﾞﾙｰﾌﾟ,神宮,,茂木,,,2,,,,,,いつもお世話になります。,平成,31,3,29,03-6218-1151,,,,,,,,,,,,,,,,,,,東京都港区東新橋１丁目５番１号,,105-8301
397,3139,,4月末〆合計明細書,パナソニック㈱ライフソリューションズ社,東部経理ｾﾝﾀｰ　電材ｸﾞﾙｰﾌﾟ,経理ご担当者,,茂木,,,3,,,,,,いつもお世話になります。,平成,31,4,26,03-6218-1141,,,,,,,,,,,,,,,,,,,東京都港区東新橋１丁目５番１号,,105-8301
398,3140,,恵比寿ビル,小島電機工業株式会社,杉並営業所,東,,壁谷,,,2,,,,,,お世話になっております。零電社　壁谷です。,平成,31,4,5,03-3335-4959,,,,,,,,,,,,,,,,,,,千葉県松戸市上本郷2-4592-2,,271-0064
399,3141,,タカノフェア　見積依頼,㈱タカノスマイル,松戸営業所,国分,,壁谷,,,2,,,,,,お世話になります。零電社　壁谷です。,平成,31,4,11,047-364-2132,,,,,,,,,,,,,,,,,,,千葉県松戸市上本郷2-4592-2,,271-0064
400,3142,,4月末〆合計明細書,パナソニック㈱ライフソリューションズ社,東部経理ｾﾝﾀｰ　電材ｸﾞﾙｰﾌﾟ,経理ご担当者,,茂木,,,3,,,,,,いつもお世話になります。,平成,31,4,26,03-6218-1141,,,,,,,,,,,,,,,,,,,東京都港区東新橋１丁目５番１号,,105-8301
401,3143,,4月末〆合計明細書,パナソニック㈱ライフソリューションズ社,東部経理ｾﾝﾀｰ　特機ｸﾞﾙｰﾌﾟ,神宮,,茂木,,,2,,,,,,いつもお世話になります。,平成,31,4,26,03-6218-1151,,,,,,,,,,,,,,,,,,,東京都港区東新橋１丁目５番１号,,105-8301
402,3144,,ＭＪＳ本社ビル　不具合調査の件,小島電機工業(株),杉並営業所,東,,松藤,,,3,,,,,,御世話になっております。,平成,31,4,26,03-3335-4959,,,,,,,,,,,,,,,,,,,東京都杉並区松庵2-15-5,,167-0054
403,3145,,名称板製作依頼,梅崎機械彫刻所,,梅崎,,木村,,,3,,,,,,毎度お世話になっております。,令和,1,5,7,047-387-8575,,社長,,,,,,,,,,,,,,,,,千葉県松戸市高柳新田１１１－４,,270-2201
404,3146,,ヒルトン東京ベイ,パナソニック㈱エコソリューションズ社,多摩電材営業所　営業２課,平林,,勅使河原,,,2,,,,,,お世話になっております。零電社　勅使河原です。,令和,1,5,24,042-537-6671,,,,,,,,,,,,,,,,,,,東京都立川市栄町6丁目1番地,立飛ﾋﾞﾙ7号館　5F,190-0003
405,3147,,リモコンスイッチ設定,新明電材株式会社,八王子営業所,堀井,,壁谷,,,3,,,,,,お世話になります。零電社　壁谷です。,令和,1,5,30,042-645-5700,,,,,,,,,,,,,,,,,,,東京都立川市栄町6丁目1番地,立飛ﾋﾞﾙ7号館　5F,190-0003
406,3148,,5月末〆合計明細書,パナソニック㈱ライフソリューションズ社,東部経理ｾﾝﾀｰ　特機ｸﾞﾙｰﾌﾟ,神宮,,茂木,,,2,,,,,,いつもお世話になります。,令和,1,5,31,03-6218-1151,,,,,,,,,,,,,,,,,,,東京都港区東新橋１丁目５番１号,,105-8301
407,3149,,5月末〆合計明細書,パナソニック㈱ライフソリューションズ社,東部経理ｾﾝﾀｰ　電材ｸﾞﾙｰﾌﾟ,経理ご担当者,,茂木,,,3,,,,,,いつもお世話になります。,令和,1,5,31,03-6218-1141,,,,,,,,,,,,,,,,,,,東京都港区東新橋１丁目５番１号,,105-8301
408,3150,,国立天文台 フル２線設定,パナソニック㈱ライフソリューションズ社,多摩電材営業所　営業２課,伊藤,,勅使河原,,,2,,,,,,お世話になっております。零電社　勅使河原です。,令和,1,6,22,042-537-6671,,,,,,,,,,,,,,,,,,,東京都立川市栄町6丁目1番地,立飛ﾋﾞﾙ7号館　5F,190-0003
409,3151,,東京日産自動車 荒川店　フル２線調整依頼,ヤマト電機株式会社,横浜営業所,笹倉,,壁谷,,,2,,,,,,お世話になります。零電社　壁谷です。,令和,1,6,22,045-316-6196,,,,,,,,,,,,,,,,,,,東京都立川市栄町6丁目1番地,立飛ﾋﾞﾙ7号館　5F,190-0003
410,3152,,6月末〆合計明細書,パナソニック㈱ライフソリューションズ社,東部経理ｾﾝﾀｰ　電材ｸﾞﾙｰﾌﾟ,経理ご担当者,,茂木,,,6,,,,,,いつもお世話になります。,令和,1,6,28,03-6218-1141,,,,,,,,,,,,,,,,,,,東京都港区東新橋１丁目５番１号,,105-8301
411,3153,,6月末〆合計明細書,パナソニック㈱ライフソリューションズ社,東部経理ｾﾝﾀｰ　特機ｸﾞﾙｰﾌﾟ,神宮,,茂木,,,2,,,,,,いつもお世話になります。,令和,1,6,28,03-6218-1151,,,,,,,,,,,,,,,,,,,東京都港区東新橋１丁目５番１号,,105-8301
412,3154,,国立天文台 フル２線設定,パナソニック㈱ライフソリューションズ社,多摩電材営業所　営業２課,伊藤,,勅使河原,,,2,,,,,,お世話になっております。零電社　勅使河原です。,令和,1,6,22,042-537-6671,,,,,,,,,,,,,,,,,,,東京都立川市栄町6丁目1番地,立飛ﾋﾞﾙ7号館　5F,190-0003
413,3155,,東京サマーランド,パナソニック㈱ライフソリューションズ社,多摩電材営業所　,川東,,勅使河原,,,2,,,,,,お世話になっております。零電社　勅使河原です。,令和,1,7,9,042-537-6671,,,,,,,,,,,,,,,,,,,東京都立川市栄町6丁目1番地,立飛ﾋﾞﾙ7号館　5F,190-0003
414,3156,,恵比寿ビル,小島電機工業株式会社,杉並営業所,東,,壁谷,,,2,,,,,,お世話になっております。零電社　壁谷です。,令和,1,7,10,03-3335-4959,,,,,,,,,,,,,,,,,,,千葉県松戸市上本郷2-4592-2,,271-0064
415,3157,,7月末〆合計明細書,パナソニック㈱ライフソリューションズ社,東部経理ｾﾝﾀｰ　特機ｸﾞﾙｰﾌﾟ,神宮,,茂木,,,2,,,,,,いつもお世話になります。,令和,1,7,31,03-6218-1151,,,,,,,,,,,,,,,,,,,東京都港区東新橋１丁目５番１号,,105-8301
416,3158,,7月末〆合計明細書,パナソニック㈱ライフソリューションズ社,東部経理ｾﾝﾀｰ　電材ｸﾞﾙｰﾌﾟ,経理ご担当者,,茂木,,,4,,,,,,いつもお世話になります。,令和,1,7,31,03-6218-1141,,,,,,,,,,,,,,,,,,,東京都港区東新橋１丁目５番１号,,105-8301
417,3159,,300049　丸の内二丁目ビル　ご請求書,東和ライティング（株）,,鈴木,,茂木,,,4,,,,,,いつもお世話になっております。,令和,1,8,1,03-3422-1198,,,,,,,,,,,,,,,,,,,東京都世田谷区代田１－３０－１４,,155-0033
418,3160,,恵比寿ビル,小島電機工業株式会社,杉並営業所,東,,壁谷,,,2,,,,,,お世話になっております。零電社　壁谷です。,令和,1,8,2,03-3335-4959,,,,,,,,,,,,,,,,,,,千葉県松戸市上本郷2-4592-2,,271-0064
419,3161,,7月分　総括請求書　差替えのお願い,パナソニックLSエンジニアリング㈱,経営管理部,青木,,茂木,,,2,,,,,,お世話になっております。,令和,1,8,5,03-5564-7076,,,,,,,,,,,,,,,,,,,東京都江東区青海1-1-20,ﾀﾞｲﾊﾞｰｼﾃｨ東京ｵﾌｨｽﾀﾜｰ13階,135-0064
420,3162,,プログラムタイマー設定,ミツワ電機株式会社,市販営業部　東京第一営業所,稲垣,,壁谷,,,1,,,,,,お世話になります。零電社　壁谷です。,令和,1,8,21,03-6852-8207,,,,,,,,,,,,,,,,,,,,,
421,3163,,プログラムタイマー設定,ミツワ電機株式会社,市販営業部　東京第一営業所,稲垣,,松藤,,,2,,,,,,お世話になっております。,令和,1,8,30,03-6852-8207,,,,,,,,,,,,,,,,,,,,,
422,3164,,8月末〆合計明細書,パナソニック㈱ライフソリューションズ社,東部経理ｾﾝﾀｰ　電材ｸﾞﾙｰﾌﾟ,経理ご担当者,,茂木,,,2,,,,,,いつもお世話になります。,令和,1,8,30,03-6218-1141,,,,,,,,,,,,,,,,,,,東京都港区東新橋１丁目５番１号,,105-8301
423,3165,,8月末〆合計明細書,パナソニック㈱ライフソリューションズ社,東部経理ｾﾝﾀｰ　特機ｸﾞﾙｰﾌﾟ,神宮,,茂木,,,2,,,,,,いつもお世話になります。,令和,1,8,30,03-6218-1151,,,,,,,,,,,,,,,,,,,東京都港区東新橋１丁目５番１号,,105-8301
424,3166,,8月分　総括請求書　,パナソニックＥＳエンジニアリング㈱,経営管理部,青木,,茂木,,,2,,,,,,お世話になっております。,令和,1,9,2,03-5564-7076,,,,,,,,,,,,,,,,,,,東京都江東区青海1-1-20,ﾀﾞｲﾊﾞｰｼﾃｨ東京ｵﾌｨｽﾀﾜｰ13階,135-0064
425,3167,,ベイシア高萩モール,ミツワ電機株式会社,市販営業本部　東京第1営業所,互,,壁谷,,,1,,,,,,お世話になります。零電社　壁谷です。,令和,1,9,11,03-6852-8207,,,,,,,,,,,,,,,,,,,東京都中央区東日本橋2丁目26-3　,ﾐﾂﾜ電機㈱本館　8階,103-0004
426,3169,,9月末〆合計明細書,パナソニック㈱ライフソリューションズ社,東部経理ｾﾝﾀｰ　電材ｸﾞﾙｰﾌﾟ,経理ご担当者,,茂木,,,2,,,,,,いつもお世話になります。,令和,1,9,30,03-6218-1141,,,,,,,,,,,,,,,,,,,東京都港区東新橋１丁目５番１号,,105-8301
427,3170,,9月分　総括請求書　,パナソニックＥＳエンジニアリング㈱,経営管理部,青木,,茂木,,,2,,,,,,お世話になっております。,令和,1,10,1,03-5564-7076,,,,,,,,,,,,,,,,,,,東京都江東区青海1-1-20,ﾀﾞｲﾊﾞｰｼﾃｨ東京ｵﾌｨｽﾀﾜｰ13階,135-0064
428,3171,,10月度　合計請求明細書,ニシムラ（株）,本社,経理ご担当者,,茂木,,,2,,,,,,いつもお世話になっております。,令和,1,10,16,075-662-6577,,,,,,,,,,,,,,,,,,,京都府京都市南区上鳥羽角田町32,,601-8104
429,3172,,パナソニック電材システム（株）,パナソニック電材システム（株）,東京営業所,但木,,壁谷,,,2,,,,,,お世話になります。零電社　壁谷です。,令和,1,10,24,03-3621-1222,,,,,,,,,,,,,,,,,,,東京都江東区青海1-1-20,ﾀﾞｲﾊﾞｰｼﾃｨ東京ｵﾌｨｽﾀﾜｰ13階,135-0064
430,3173,,10月末〆合計明細書,パナソニック㈱ライフソリューションズ社,東部経理ｾﾝﾀｰ　電材ｸﾞﾙｰﾌﾟ,経理ご担当者,,茂木,,,2,,,,,,いつもお世話になります。,令和,1,10,31,03-6218-1141,,,,,,,,,,,,,,,,,,,東京都港区東新橋１丁目５番１号,,105-8301
431,3174,,11月末〆合計明細書,パナソニック㈱ライフソリューションズ社,東部経理ｾﾝﾀｰ　電材ｸﾞﾙｰﾌﾟ,経理ご担当者,,茂木,,,3,,,,,,いつもお世話になります。,令和,1,11,29,03-6218-1141,,,,,,,,,,,,,,,,,,,東京都港区東新橋１丁目５番１号,,105-8301
432,3175,,振込口座の件,新明電材株式会社,八王子営業所,佐伯,,茂木,,,1,,,,,,お世話になっております。,令和,1,12,3,042-645-5700,,,,,,,,,,,,,,,,,,,,,
433,3176,,※至急※　納期日　必ず回答してください！,㈱扇港電機,関東電材営業部　東都営業所,山口,,井上,,,4,,■,■,,,お世話になっております。,令和,1,12,4,047-429-7801,,,,,,,,,,,,,,,,,,,千葉県船橋市藤原3-36-45,,273-0047
434,3177,,銘版　作成依頼,梅崎機械彫刻所,,梅崎,,井上,,,1,,,,,,毎度お世話になっております。,令和,1,12,5,047-387-8575,,社長,,,,,,,,,,,,,,,,,千葉県松戸市六高台西10番地8,,270-2203
435,3178,,合計請求明細書,パナソニック(株)LS社,,キシガワ,,茂木,,,2,,,,,,お世話になっております。,令和,1,12,16,03-6218-1036,,,,,,,,,,,,,,,,,,,,,
436,3179,,※※至急※※見積依頼書 No.4255,㈱扇港電機,関東電材営業部　東都営業所,山口,,井上,,,2,,,,,,いつも大変お世話になっております。,令和,1,12,17,047-429-7801,,,,,,,,,,,,,,,,,,,千葉県船橋市藤原3-36-45,,273-0047
437,3180,,12月末〆合計明細書,パナソニック㈱ライフソリューションズ社,東部経理ｾﾝﾀｰ　電材ｸﾞﾙｰﾌﾟ,経理ご担当者,,茂木,,,2,,,,,,いつもお世話になります。,令和,1,12,27,03-6218-1141,,,,,,,,,,,,,,,,,,,東京都港区東新橋１丁目５番１号,,105-8301
438,3181,,銘版　作成依頼,梅崎機械彫刻所,,梅崎,,茂木,,,2,,,,,,毎度お世話になっております。,令和,2,1,10,047-387-8575,,社長,,,,,,,,,,,,,,,,,千葉県松戸市六高台西10番地8,,270-2203
439,3182,,1月末〆合計明細書,パナソニック㈱ライフソリューションズ社,東部経理ｾﾝﾀｰ　電材ｸﾞﾙｰﾌﾟ,経理ご担当者,,茂木,,,3,,,,,,いつもお世話になります。,令和,2,1,31,03-6218-1141,,,,,,,,,,,,,,,,,,,東京都港区東新橋１丁目５番１号,,105-8301
440,3183,,2月末〆合計明細書,パナソニック㈱ライフソリューションズ社,東部経理ｾﾝﾀｰ　電材ｸﾞﾙｰﾌﾟ,経理ご担当者,,茂木,,,4,,,,,,いつもお世話になります。,令和,2,2,28,03-6218-1141,,,,,,,,,,,,,,,,,,,東京都港区東新橋１丁目５番１号,,105-8301
441,3184,,3月末〆合計明細書,パナソニック㈱ライフソリューションズ社,東部経理ｾﾝﾀｰ　電材ｸﾞﾙｰﾌﾟ,経理ご担当者,,茂木,,,3,,,,,,いつもお世話になります。,令和,2,3,31,03-6218-1141,,,,,,,,,,,,,,,,,,,東京都港区東新橋１丁目５番１号,,105-8301
442,3185,,3月分　総括請求書　,パナソニックＥＳエンジニアリング㈱,経営管理部,青木,,茂木,,,2,,,,,,お世話になっております。,令和,2,4,1,03-5564-7076,,,,,,,,,,,,,,,,,,,東京都江東区青海1-1-20,ﾀﾞｲﾊﾞｰｼﾃｨ東京ｵﾌｨｽﾀﾜｰ13階,135-0064
443,3187,,老人保健施設　花水木,ミツワ電機株式会社,特機第二営業部　第三営業所,湊,,松藤,,,2,,,,,,御世話になっております。,令和,2,5,25,03-6858-6010,,主任,,,,,,,,,,,,,,,,,東京都中央区東日本橋2-26-3　4F,,103-0004
444,3188,,小田原駅東口　照明制御,(株)関電工,神奈川支店,吉澤,,松藤,,,8,,,,,,(株)関電工吉澤様,令和,2,5,27,0465-46-6491,,,,,,,,,,,,,,,,,,,東京都中央区東日本橋2-26-3　4F,,103-0004
445,3189,,日銀府中の件,東和ライティング㈱,営業部,杉山,,勅使河原,,,2,,,,,,毎度お世話になっております。(有)零電社  勅使河原です。,令和,2,5,26,03-3422-3389,,,,,,,,,,,,,,,,,,,東京都世田谷区代田1-30-14,,155-0033
446,3190,,【事後見積書】４件名分　送付,パナソニックLSエンジニアリング㈱,東京本部　ﾋﾞﾙｼｽﾃﾑ事業統括部　,篠原,,井上,,,,,,,,,いつも大変お世話になっております。,令和,2,5,26,03-5564-6216,,課長,,,,,,,,,,,,,,,,,東京都江東区青海1-1-20,ﾀﾞｲﾊﾞｰｼﾃｨ東京ｵﾌｨｽﾀﾜｰ13階,135-0064
447,3191,,ドレッセ目黒インプレスタワー,トシン電機株式会社,戸塚営業所,桐生,,松藤,,,2,■,,,,,トシン電機(株),令和,2,5,26,045-822-1261,,,,,,,,,,,,,,,,,,,東京都中央区東日本橋2-26-3　4F,,103-0004
448,3192,,小田原駅東口　照明制御,(株)関電工,神奈川支店,吉澤,,松藤,,,3,,,,,,(株)関電工吉澤様,令和,2,5,27,0465-46-6491,,,,,,,,,,,,,,,,,,,東京都中央区東日本橋2-26-3　4F,,103-0004
449,3193,,5月末〆合計明細書,パナソニック㈱ライフソリューションズ社,東部経理ｾﾝﾀｰ　電材ｸﾞﾙｰﾌﾟ,経理ご担当者,,茂木,,,2,,,,,,いつもお世話になります。,令和,2,5,29,03-6218-1141,,,,,,,,,,,,,,,,,,,東京都港区東新橋１丁目５番１号,,105-8301
450,3194,,6月末〆合計明細書,パナソニック㈱ライフソリューションズ社,東部経理ｾﾝﾀｰ　電材ｸﾞﾙｰﾌﾟ,経理ご担当者,,茂木,,,3,,,,,,いつもお世話になります。,令和,2,6,30,03-6218-1141,,,,,,,,,,,,,,,,,,,東京都港区東新橋１丁目５番１号,,105-8301
451,3195,,7月末〆合計明細書,パナソニック㈱ライフソリューションズ社,東部経理ｾﾝﾀｰ　電材ｸﾞﾙｰﾌﾟ,経理ご担当者,,茂木,,,2,,,,,,いつもお世話になります。,令和,2,7,31,03-6218-1141,,,,,,,,,,,,,,,,,,,東京都港区東新橋１丁目５番１号,,105-8301
452,3196,,PMO浜松町Ⅱ,四電工,,清家,,勅使河原,,,,,,,,,,令和,2,8,5,,,,,,,,,,,,,,,,,,,,,,
453,3197,,8月末〆合計明細書,パナソニック㈱ライフソリューションズ社,東部経理ｾﾝﾀｰ　電材ｸﾞﾙｰﾌﾟ,経理ご担当者,,茂木,,,3,,,,,,いつもお世話になります。,令和,2,9,1,03-3436-1554,,,,,,,,,,,,,,,,,,,東京都港区東新橋１丁目５番１号,,105-8301
454,3198,,9月末〆合計明細書,パナソニック㈱ライフソリューションズ社,東部経理ｾﾝﾀｰ　電材ｸﾞﾙｰﾌﾟ,経理ご担当者,,茂木,,,2,,,,,,いつもお世話になります。,令和,2,9,30,03-3436-1554,,,,,,,,,,,,,,,,,,,東京都港区東新橋１丁目５番１号,,105-8301
455,3199,,10月末〆合計明細書,パナソニック㈱ライフソリューションズ社,東部経理ｾﾝﾀｰ　電材ｸﾞﾙｰﾌﾟ,経理ご担当者,,茂木,,,2,,,,,,いつもお世話になります。,令和,2,10,30,03-3436-1554,,,,,,,,,,,,,,,,,,,東京都港区東新橋１丁目５番１号,,105-8301
456,3200,,振込口座の件,パナソニック（株）ライフリューションズ社,ライティング機器ＢＵ,山田,,茂木,,,1,,,,,,お世話になっております。,令和,2,11,13,03-6218-1036,,,,,,,,,,,,,,,,,,,,,
457,3201,200160,埼玉石心会病院　ご請求書,ﾊﾟﾅｿﾆｯｸ㈱ﾗｲﾌｿﾘｭｰｼｮﾝｽﾞ社,品質保証部　非住宅品質保証ｸﾞﾙｰﾌﾟ　東部市場技術課,山田　,,茂木,,,2,,,,,,お世話になっております。,令和,2,11,26,03-6218-1036,,,,,,,,,,,,,,,,,,,東京都港区東新橋１丁目５番１号,,105-8301
458,3202,,11月末〆合計明細書,パナソニック㈱ライフソリューションズ社,東部経理ｾﾝﾀｰ　電材ｸﾞﾙｰﾌﾟ,経理ご担当者,,茂木,,,3,,,,,,いつもお世話になります。,令和,2,11,30,03-3436-1554,,,,,,,,,,,,,,,,,,,東京都港区東新橋１丁目５番１号,,105-8301
459,3203,,12月末〆合計明細書,パナソニック㈱ライフソリューションズ社,東部経理ｾﾝﾀｰ　電材ｸﾞﾙｰﾌﾟ,経理ご担当者,,茂木,,,2,,,,,,いつもお世話になります。,令和,2,12,28,03-3436-1554,,,,,,,,,,,,,,,,,,,東京都港区東新橋１丁目５番１号,,105-8301
460,3204,,銘版　作成依頼,梅崎機械彫刻所,,梅崎,,茂木,,,2,,,,,,毎度お世話になっております。,令和,3,1,12,047-387-8575,,社長,,,,,,,,,,,,,,,,,千葉県松戸市六高台西10番地8,,270-2203
461,3205,,田園調布　南邸様　照明制御システム不具合対応　お見積り,ヤマト電機㈱,武蔵野営業所,佐藤,,,,,2,■,,,,,毎度お世話になっております。(有)零電社  勅使河原です。,令和,3,2,3,0422-55-6213,,,,,,,,,,,,,,,,,,,東京都大田区池上４－１５－１６,,146-0082
462,3206,,銘版　作成依頼,梅崎機械彫刻所,,梅崎,,茂木,,,3,,,,,,毎度お世話になっております。,令和,3,2,16,047-387-8575,,社長,,,,,,,,,,,,,,,,,千葉県松戸市六高台西10番地8,,270-2203
463,3207,,石塚名刺,ヤマト電機(株),武蔵野営業所,佐藤　,,茂木,,,1,,,,,,いつもお世話になっております。,令和,3,2,24,0422-55-6213,,,,,,,,,,,,,,,,,,,東京都武蔵野市西久保3-26-5,,180-0013
464,3208,,2月末〆合計明細書,パナソニック㈱ライフソリューションズ社,東部経理ｾﾝﾀｰ　電材ｸﾞﾙｰﾌﾟ,経理ご担当者,,茂木,,,2,,,,,,いつもお世話になります。,令和,3,2,26,03-3436-1554,,,,,,,,,,,,,,,,,,,東京都港区東新橋１丁目５番１号,,105-8301
465,3209,,1月分　総括請求書　,パナソニックLSエンジニアリング㈱,経営管理部　東部経営管理課,青木,,茂木,,,2,,,,,,お世話になっております。,令和,4,2,1,03-3575-7050,,,,,,,,,,,,,,,,,,,東京都港区東新橋１丁目５番１号,ﾊﾟﾅｿﾆｯｸ東京汐留ﾋﾞﾙ23階　,105-8301
466,3210,,新宿センタービル52階,千代田電機産業(株),,小林,,松藤,,,2,,,,,,お世話になっております。,令和,3,3,12,03-6423-1028,,専務,,,,,,,,,,,,,,,,,東京都江東区青海1-1-20,ﾀﾞｲﾊﾞｰｼﾃｨ東京ｵﾌｨｽﾀﾜｰ13階,135-0064
467,3211,,3月末〆合計明細書,パナソニック㈱ライフソリューションズ社,東部経理ｾﾝﾀｰ　電材ｸﾞﾙｰﾌﾟ,経理ご担当者,,茂木,,,2,,,,,,いつもお世話になります。,令和,3,3,31,03-3436-1554,,,,,,,,,,,,,,,,,,,東京都港区東新橋１丁目５番１号,,105-8301
468,3212,,4月末〆合計明細書,パナソニック㈱ライフソリューションズ社,東部経理ｾﾝﾀｰ　電材ｸﾞﾙｰﾌﾟ,経理ご担当者,,茂木,,,2,,,,,,いつもお世話になります。,令和,3,4,28,03-3436-1554,,,,,,,,,,,,,,,,,,,東京都港区東新橋１丁目５番１号,,105-8301
469,3214,,6月末〆合計明細書,パナソニック㈱ライフソリューションズ社,東部経理ｾﾝﾀｰ　電材ｸﾞﾙｰﾌﾟ,経理ご担当者,,茂木,,,2,,,,,,いつもお世話になります。,令和,3,7,1,03-3436-1554,,,,,,,,,,,,,,,,,,,東京都港区東新橋１丁目５番１号,,105-8301
470,3215,,銘版　作成依頼,梅崎機械彫刻所,,梅崎,,井上,,,5,,,■,,,毎度お世話になっております。,令和,3,7,8,047-387-8575,,社長,,,,,,,,,,,,,,,,,千葉県松戸市六高台西10番地8,,270-2203
471,3216,,7月末〆合計明細書,パナソニック㈱ライフソリューションズ社,東部経理ｾﾝﾀｰ　電材ｸﾞﾙｰﾌﾟ,経理ご担当者,,茂木,,,3,,,,,,いつもお世話になります。,令和,3,7,30,03-3436-1554,,,,,,,,,,,,,,,,,,,東京都港区東新橋１丁目５番１号,,105-8301
472,3217,,銘版　作成依頼,梅崎機械彫刻所,,梅崎,,茂木,,,5,,,■,,,毎度お世話になっております。,令和,3,8,31,047-387-8575,,社長,,,,,,,,,,,,,,,,,千葉県松戸市六高台西10番地8,,270-2203
473,3218,,銘版　作成依頼,梅崎機械彫刻所,,梅崎,,,,,5,,,■,,,毎度お世話になっております。,令和,3,9,24,047-387-8575,,社長,,,,,,,,,,,,,,,,,千葉県松戸市六高台西10番地8,,270-2203
474,3219,,,有限会社　零電社,事務,茂木,,,,,,,,,,,,,,,,047-347-8324,,主任,,,,,,,,,,,,,,,,,千葉県松戸市馬橋,1987-1,271-0051
475,3220,,10月末〆合計明細書,パナソニック㈱エレクトリックワークス社,東部経理ｾﾝﾀｰ　電材ｸﾞﾙｰﾌﾟ,経理ご担当者,,茂木,,,2,,,,,,いつもお世話になります。,令和,3,10,29,03-3436-1554,,,,,,,,,,,,,,,,,,,東京都港区東新橋１丁目５番１号,,105-8301
476,3221,,11月末〆合計明細書,パナソニック㈱エレクトリックワークス社,東部経理ｾﾝﾀｰ　電材ｸﾞﾙｰﾌﾟ,経理ご担当者,,茂木,,,3,,,,,,いつもお世話になります。,令和,3,11,30,03-3436-1554,,,,,,,,,,,,,,,,,,,東京都港区東新橋１丁目５番１号,,105-8301
477,3222,,12月末〆合計明細書,パナソニック㈱エレクトリックワークス社,東部経理ｾﾝﾀｰ　電材ｸﾞﾙｰﾌﾟ,経理ご担当者,,茂木,,,2,,,,,,いつもお世話になります。,令和,3,12,28,03-3436-1554,,,,,,,,,,,,,,,,,,,東京都港区東新橋１丁目５番１号,,105-8301
478,3223,,杉並区個人邸様 リモコンスイッチ交換に伴う設定 御見積書,小島電機工業株式会社,杉並営業所,東,,松藤,,,2,■,,,,,お世話になっております。,令和,4,1,14,03-3335-4959,,,,,,,,,,,,,,,,,,,,,
479,3224,,2月末〆合計明細書,パナソニック㈱エレクトリックワークス社,東部経理ｾﾝﾀｰ　電材ｸﾞﾙｰﾌﾟ,経理ご担当者,,茂木,,,3,,,,,,いつもお世話になります。,令和,4,2,28,03-3436-1554,,,,,,,,,,,,,,,,,,,東京都港区東新橋１丁目５番１号,,105-8301
480,3225,,2月分　総括請求書　,パナソニックLSエンジニアリング㈱,経営管理部　東部経営管理課,青木,,茂木,,,2,,,,,,お世話になっております。,令和,4,3,1,03-3575-7050,,,,,,,,,,,,,,,,,,,東京都港区東新橋１丁目５番１号,ﾊﾟﾅｿﾆｯｸ東京汐留ﾋﾞﾙ23階　,105-8301
481,3226,,3月末〆合計明細書,パナソニック㈱エレクトリックワークス社,東部経理ｾﾝﾀｰ　電材ｸﾞﾙｰﾌﾟ,経理ご担当者,,茂木,,,2,,,,,,いつもお世話になります。,令和,4,3,31,03-3436-1554,,,,,,,,,,,,,,,,,,,東京都港区東新橋１丁目５番１号,,105-8301
482,3227,,ご請求書　再発行分,ミツワ電機(株),業務管理部,市山,,茂木,,,2,,,,,,お世話になっております。,令和,4,4,1,03-3862-1186,,,,,,,,,,,,,,,,,,,,,
